month,venues_reporting,total_nominal,total_real_2026_06usd,total_real_ex_festival,cover_charge_nominal,cpi_u,cpi_imputed,travis_austin_all_MB_permits_total,travis_austin_all_MB_permits_n
2007-01,41,1740076.0,2870829.68,2870829.68,0.0,202.416,0,25637203.0,718
2007-02,40,2101784.0,3449132.28,3449132.28,0.0,203.499,0,29066471.0,721
2007-03,40,3441329.0,5596432.96,5596432.96,0.0,205.352,0,36306950.0,734
2007-04,40,2289601.0,3699412.8,3699412.8,40.0,206.686,0,30635034.0,736
2007-05,40,2608376.0,4188875.07,4188875.07,90.0,207.949,0,33596443.0,730
2007-06,41,2601685.0,4170048.33,4170048.33,10.0,208.352,0,32798991.0,738
2007-07,43,2521087.0,4041891.92,4041891.92,0.0,208.299,0,30655494.0,742
2007-08,43,2522913.0,4052250.86,4052250.86,30.0,207.917,0,31620290.0,744
2007-09,43,2833979.0,4539368.58,4539368.58,0.0,208.49,0,33073903.0,740
2007-10,43,2625618.0,4196645.78,4196645.78,0.0,208.936,0,32304502.0,746
2007-11,44,2435647.0,3870019.97,3870019.97,0.0,210.177,0,30335083.0,747
2007-12,43,2521339.0,4008866.11,4008866.11,0.0,210.036,0,33163000.0,742
2008-01,43,2104138.0,3328979.98,3328979.98,0.0,211.08,0,28484538.0,749
2008-02,44,2577447.0,4065999.26,4065999.26,0.0,211.693,0,32887805.0,751
2008-03,46,3708346.0,5799752.55,5799752.55,0.0,213.528,0,37488651.0,754
2008-04,47,2776495.0,4316186.15,4316186.15,0.0,214.823,0,33468762.0,758
2008-05,47,3158032.0,4868307.09,4868307.09,0.0,216.632,0,36593523.0,758
2008-06,47,2971807.0,4535524.95,4535524.95,0.0,218.815,0,33896702.0,767
2008-07,47,2738761.0,4158020.01,4158020.01,0.0,219.964,0,32319384.0,776
2008-08,47,2870062.0,4374825.16,4374825.16,0.0,219.086,0,34477072.0,778
2008-09,48,2995835.0,4572864.85,4572864.85,0.0,218.783,0,32749898.0,775
2008-10,48,3096859.0,4775305.59,4775305.59,0.0,216.573,0,35222247.0,783
2008-11,48,2632343.0,4138289.79,4138289.79,0.0,212.425,0,31526798.0,790
2008-12,48,2503018.0,3976101.5,3976101.5,0.0,210.228,0,32404997.0,798
2009-01,48,2541142.0,4019169.25,4019169.25,0.0,211.143,0,31369785.0,788
2009-02,48,2531006.0,3983328.93,3983328.93,0.0,212.193,0,31612408.0,791
2009-03,49,3922782.0,6158746.9,6158746.9,0.0,212.709,0,37510149.0,800
2009-04,49,3188220.0,4993024.04,4993024.04,0.0,213.24,0,34468839.0,797
2009-05,49,3315552.0,5177480.27,5177480.27,0.0,213.856,0,36903223.0,800
2009-06,49,2751150.0,4259535.75,4259535.75,0.0,215.693,0,33083493.0,805
2009-07,49,3058226.0,4742493.37,4742493.37,0.0,215.351,0,33893555.0,815
2009-08,49,2920502.0,4518785.2,4518785.2,16.0,215.834,0,33456172.0,820
2009-09,48,2878221.0,4450581.61,4450581.61,0.0,215.969,0,33272178.0,821
2009-10,50,3672121.0,5672722.59,5672722.59,0.0,216.177,0,36265141.0,823
2009-11,50,2993386.0,4620936.72,4620936.72,30.0,216.33,0,30941559.0,821
2009-12,52,2755498.0,4261210.14,4261210.14,0.0,215.949,0,32574872.0,837
2010-01,53,2753558.0,4243707.29,4243707.29,0.0,216.687,0,31916597.0,838
2010-02,53,2813451.0,4334932.42,4334932.42,0.0,216.741,0,33276384.0,833
2010-03,53,4962166.0,7614380.58,7614380.58,0.0,217.631,0,42423922.0,843
2010-04,53,3482027.0,5333861.82,5333861.82,0.0,218.009,0,38056855.0,849
2010-05,53,3522150.0,5391144.1,5391144.1,0.0,218.178,0,39296372.0,845
2010-06,53,2980599.0,4566682.71,4566682.71,0.0,217.965,0,35623945.0,854
2010-07,53,3269749.0,5008642.77,5008642.77,0.0,218.011,0,38273073.0,857
2010-08,52,2917549.0,4462976.49,4462976.49,0.0,218.312,0,35112467.0,863
2010-09,52,3163510.0,4836409.67,4836409.67,0.0,218.439,0,37023207.0,876
2010-10,53,3605135.0,5504716.47,5504716.47,0.0,218.711,0,40100330.0,870
2010-11,53,2906959.0,4436798.27,4436798.27,500.0,218.803,0,34458943.0,872
2010-12,54,2926534.0,4459012.42,4459012.42,0.0,219.179,0,37894681.0,884
2011-01,54,2858166.0,4334198.75,4334198.75,0.0,220.223,0,35688485.0,883
2011-02,55,2770913.0,4181266.64,4181266.64,0.0,221.309,0,36843856.0,878
2011-03,56,5414522.0,8091532.31,8091532.31,0.0,223.467,0,49847459.0,896
2011-04,56,3934418.0,5842026.27,5842026.27,635.0,224.906,0,44407180.0,898
2011-05,56,3600517.0,5321200.96,5321200.96,0.0,225.964,0,42530076.0,898
2011-06,57,3272062.0,4840962.11,4840962.11,709.0,225.722,0,40035084.0,897
2011-07,58,3487010.0,5154407.11,5154407.11,0.0,225.922,0,41541800.0,900
2011-08,60,3236198.0,4770508.26,4770508.26,0.0,226.545,0,38646473.0,898
2011-09,60,3841159.0,5653701.72,5653701.72,0.0,226.889,0,42670959.0,899
2011-10,60,3829962.0,5648872.98,5648872.98,0.0,226.421,0,43730686.0,899
2011-11,59,3599123.0,5312886.55,5312886.55,0.0,226.23,0,38854417.0,893
2011-12,60,3216527.0,4759853.35,4759853.35,0.0,225.672,0,42087869.0,904
2012-01,60,3262630.0,4806925.7,4806925.7,0.0,226.665,0,38716885.0,911
2012-02,59,3317606.0,4866496.35,4866496.35,0.0,227.663,0,41372856.0,904
2012-03,61,6449825.0,9389743.14,9389743.14,0.0,229.392,0,59228143.0,902
2012-04,60,3904354.0,5666891.92,5666891.92,0.0,230.085,0,44896421.0,901
2012-05,59,3979400.0,5782601.61,5782601.61,0.0,229.815,0,46692851.0,900
2012-06,59,3877061.0,5642162.97,5642162.97,0.0,229.478,0,45991638.0,902
2012-07,58,3556398.0,5183961.1,5183961.1,0.0,229.104,0,42976475.0,910
2012-08,58,3629540.0,5261296.13,5261296.13,0.0,230.379,0,44318694.0,922
2012-09,57,3957616.0,5711382.02,5711382.02,0.0,231.407,0,45016441.0,931
2012-10,60,4192290.0,6052402.68,6052402.68,0.0,231.317,0,46348386.0,938
2012-11,62,4232676.0,6139798.78,6139798.78,0.0,230.221,0,49625349.0,930
2012-12,61,4004941.0,5825140.38,5825140.38,463.0,229.601,0,47027743.0,931
2013-01,61,3736358.0,5418465.46,5418465.46,0.0,230.28,0,41841513.0,942
2013-02,61,4028843.0,5795164.57,5795164.57,0.0,232.166,0,44909480.0,940
2013-03,61,7804953.0,11197517.17,11197517.17,0.0,232.773,0,63858621.0,948
2013-04,61,4607601.0,6617257.78,6617257.78,0.0,232.531,0,51015348.0,949
2013-05,62,4588022.0,6577428.68,6577428.68,0.0,232.945,0,53443544.0,960
2013-06,62,4160111.0,5949694.18,5949694.18,0.0,233.504,0,49810766.0,954
2013-07,63,4150756.0,5933976.9,5933976.9,0.0,233.596,0,46880912.0,952
2013-08,64,4278415.0,6109131.06,6109131.06,0.0,233.877,0,50158297.0,958
2013-09,68,4189143.0,5974711.33,5974711.33,0.0,234.149,0,48331007.0,968
2013-10,68,5114228.0,7312934.79,7312934.79,0.0,233.546,0,50883494.0,967
2013-11,67,5477080.0,7847812.54,7847812.54,0.0,233.069,0,55412575.0,966
2013-12,69,4322018.0,6193317.95,6193317.95,0.0,233.049,0,48573732.0,983
2014-01,70,4335981.0,6190297.06,6190297.06,1561.0,233.916,0,46336547.0,984
2014-02,70,4415357.0,6280394.5,6280394.5,0.0,234.781,0,48331394.0,989
2014-03,73,9016443.0,12742904.67,12742904.67,0.0,236.293,0,67816131.0,985
2014-04,72,5710486.0,8044088.8,8044088.8,0.0,237.072,0,54492984.0,981
2014-05,73,6311355.0,8859561.27,8859561.27,0.0,237.9,0,58304592.0,981
2014-06,72,5262883.0,7374037.85,7374037.85,4884.0,238.343,0,53037426.0,985
2014-07,72,5125317.0,7184091.76,7184091.76,4096.0,238.25,0,50803860.0,986
2014-08,72,5587257.0,7844691.87,7844691.87,0.0,237.852,0,54593772.0,990
2014-09,74,4810753.0,6749375.44,6749375.44,0.0,238.031,0,50698893.0,1001
2014-10,74,6384074.0,8979266.91,8979266.91,0.0,237.433,0,58149728.0,1005
2014-11,75,5684865.0,8039229.29,6829492.41,337.0,236.151,0,55698121.0,1009
2014-12,76,4962237.0,7057343.62,7057343.62,30310.0,234.812,0,53316253.0,1017
2015-01,77,4662721.0,6662723.0,6662723.0,5930.0,233.707,0,51787025.0,1026
2015-02,77,4871380.0,6930782.35,6930782.35,450.0,234.722,0,52368848.0,1029
2015-03,78,9311869.0,13170127.25,13170127.25,600.0,236.119,0,70853598.0,1046
2015-04,77,6053385.0,8544161.33,8544161.33,0.0,236.599,0,60862713.0,1053
2015-05,77,6994562.0,9822535.14,9822535.14,0.0,237.805,0,65710433.0,1060
2015-06,77,5367439.0,7511238.73,7511238.73,0.0,238.638,0,56636817.0,1064
2015-07,77,5569642.0,7793680.75,7793680.75,0.0,238.654,0,58499798.0,1068
2015-08,77,5511548.0,7723327.34,7723327.34,1000.0,238.316,0,57894375.0,1068
2015-09,76,5711629.0,8016179.91,8016179.91,0.0,237.945,0,58002645.0,1071
2015-10,75,6888210.0,9671841.78,9671841.78,14980.0,237.838,0,65578017.0,1078
2015-11,76,5779261.0,8131913.28,7012824.56,400.0,237.336,0,54374364.0,1086
2015-12,78,5771649.0,8149048.63,8149048.63,24700.0,236.525,0,58762110.0,1090
2016-01,78,5300157.0,7470994.07,7470994.07,0.0,236.916,0,56642212.0,1095
2016-02,78,5689720.0,8013518.45,8013518.45,3900.0,237.111,0,58291741.0,1104
2016-03,79,9259006.0,12984662.17,12984662.17,3751.0,238.132,0,72739120.0,1117
2016-04,78,7247038.0,10115158.07,10115158.07,0.0,239.261,0,70801120.0,1123
2016-05,79,6385693.0,8877008.81,8877008.81,500.0,240.229,0,64883517.0,1127
2016-06,78,5756280.0,7975840.89,7975840.89,0.0,241.018,0,60274391.0,1135
2016-07,78,5797861.0,8046475.38,8046475.38,0.0,240.628,0,61307550.0,1136
2016-08,77,5023609.0,6965543.86,6965543.86,0.0,240.849,0,57386086.0,1140
2016-09,77,6326461.0,8750991.2,8750991.2,4815.0,241.428,0,63879480.0,1142
2016-10,77,7128022.0,9847462.25,9847462.25,3535.0,241.729,0,68717308.0,1149
2016-11,77,5245428.0,7257921.68,7257921.68,2880.0,241.353,0,57653324.0,1146
2016-12,76,5491527.0,7595954.24,7595954.24,2500.0,241.432,0,62667925.0,1147
2017-01,76,4857200.0,6679617.58,6679617.58,0.0,242.839,0,56977360.0,1148
2017-02,76,5737189.0,7865033.44,7865033.44,57.0,243.603,0,60502368.0,1150
2017-03,76,9516159.0,13034976.6,13034976.6,3000.0,243.801,0,79733242.0,1148
2017-04,77,7183145.0,9810184.85,9810184.85,340.0,244.524,0,71166608.0,1145
2017-05,77,6537218.0,8920403.16,8920403.16,0.0,244.733,0,67734608.0,1153
2017-06,78,5894733.0,8036406.18,8036406.18,16596.0,244.955,0,64699280.0,1158
2017-07,78,6130117.0,8363079.72,8363079.72,0.0,244.786,0,63193615.0,1156
2017-08,77,4953335.0,6737466.88,6737466.88,0.0,245.519,0,56997561.0,1163
2017-09,77,6767965.0,9157218.24,9157218.24,0.0,246.819,0,69299023.0,1169
2017-10,78,7022567.0,9507710.09,9507710.09,0.0,246.663,0,72564679.0,1183
2017-11,78,5941316.0,8043630.78,8043630.78,0.0,246.669,0,61191796.0,1182
2017-12,77,5720669.0,7749463.96,7749463.96,3400.0,246.524,0,67840541.0,1179
2018-01,77,4905731.0,6609507.03,6609507.03,1.0,247.867,0,57864624.0,1177
2018-02,77,5790617.0,7766498.1,7766498.1,300.0,248.991,0,63179092.0,1179
2018-03,80,10056753.0,13457900.01,13457900.01,126.0,249.554,0,85902683.0,1191
2018-04,79,7537391.0,10046565.5,10046565.5,0.0,250.546,0,76190389.0,1196
2018-05,78,7106382.0,9432844.5,9432844.5,0.0,251.588,0,75405238.0,1197
2018-06,77,6582102.0,8723024.13,8723024.13,0.0,251.989,0,72517698.0,1213
2018-07,77,6045364.0,8011164.01,8011164.01,412.0,252.006,0,67107978.0,1208
2018-08,76,6191302.0,8200001.93,8200001.93,0.0,252.146,0,68659208.0,1217
2018-09,76,6846828.0,9057680.88,9057680.88,545.0,252.439,0,74455741.0,1218
2018-10,76,6965346.0,9198217.48,9198217.48,7965.0,252.885,0,76793250.0,1230
2018-11,76,6123494.0,8113669.64,8113669.64,0.0,252.038,0,68397132.0,1224
2018-12,75,5755371.0,7650339.15,7650339.15,147.0,251.233,0,72829069.0,1231
2019-01,74,5059776.0,6712919.19,6712919.19,2145.0,251.712,0,63873696.0,1237
2019-02,75,5892020.0,7784172.01,7784172.01,0.0,252.776,0,69133741.0,1244
2019-03,76,9708088.0,12753776.15,12753776.15,0.0,254.202,0,93509362.0,1247
2019-04,78,7305138.0,9546407.9,9546407.9,0.0,255.548,0,78865208.0,1245
2019-05,78,7677400.0,10011570.39,10011570.39,0.0,256.092,0,84532771.0,1252
2019-06,77,6649911.0,8669965.91,8669965.91,143.0,256.143,0,77482146.0,1261
2019-07,77,6321920.0,8228591.02,8228591.02,0.0,256.571,0,72987197.0,1259
2019-08,77,6946414.0,9041888.57,9041888.57,0.0,256.558,0,77938449.0,1262
2019-09,77,7305645.0,9502041.83,9502041.83,0.0,256.759,0,81529627.0,1267
2019-10,77,7443548.0,9659321.46,9659321.46,0.0,257.346,0,80020089.0,1280
2019-11,76,6962838.0,9040362.96,9040362.96,0.0,257.208,0,81845501.0,1283
2019-12,76,6227066.0,8092418.47,8092418.47,3200.0,256.974,0,76939156.0,1285
2020-01,76,5514026.0,7138089.21,7138089.21,0.0,257.971,0,70489441.0,1288
2020-02,76,6103462.0,7879538.82,7879538.82,0.0,258.678,0,76305324.0,1303
2020-03,73,2864059.0,3705550.75,3705550.75,1478.0,258.115,0,37640155.0,1304
2020-04,10,54115.0,70485.91,70485.91,0.0,256.389,0,3029312.0,1301
2020-05,29,553262.0,720621.2,720621.2,0.0,256.394,0,17512673.0,1307
2020-06,37,1542114.0,1997665.04,1997665.04,1146.0,257.797,0,31081676.0,1307
2020-07,16,670593.0,864318.83,864318.83,6230.0,259.101,0,22574768.0,1306
2020-08,16,1086526.0,1396007.71,1396007.71,0.0,259.918,0,31366461.0,1306
2020-09,29,1732840.0,2223318.67,2223318.67,1785.0,260.28,0,38920878.0,1302
2020-10,41,2688541.0,3448099.16,3448099.16,1930.0,260.388,0,49232007.0,1299
2020-11,45,2192211.0,2813265.42,2813265.42,3678.0,260.229,0,40422076.0,1303
2020-12,42,1820464.0,2334004.91,2334004.91,1350.0,260.474,0,38954519.0,1312
2021-01,39,1785251.0,2279163.48,2279163.48,2145.0,261.582,0,41143968.0,1313
2021-02,41,1600416.0,2032067.21,2032067.21,5892.0,263.014,0,35026596.0,1317
2021-03,51,3796621.0,4786709.21,4786709.21,7356.0,264.877,0,65500713.0,1331
2021-04,57,4890354.0,6115405.49,6115405.49,11096.0,267.054,0,74202771.0,1328
2021-05,66,6249849.0,7753299.92,7753299.92,16332.0,269.195,0,88647153.0,1341
2021-06,70,6328461.0,7778554.74,7778554.74,15726.0,271.696,0,82393589.0,1350
2021-07,70,6809973.0,8330326.42,8330326.42,13376.0,273.003,0,89010089.0,1348
2021-08,69,6228932.0,7603856.82,7603856.82,7164.0,273.567,0,76811608.0,1376
2021-09,71,8764708.0,10670379.37,10670379.37,11399.0,274.31,0,90042345.0,1367
2021-10,72,8655283.0,10450339.92,10450339.92,23442.0,276.589,0,107996953.0,1366
2021-11,73,6647333.0,7986710.28,7986710.28,21917.0,277.948,0,84095206.0,1375
2021-12,72,5968006.0,7148541.04,7148541.04,18953.0,278.802,0,86912472.0,1386
2022-01,71,4944591.0,5873262.67,5873262.67,19384.0,281.148,0,69297598.0,1390
2022-02,72,6334045.0,7455578.8,7455578.8,25997.0,283.716,0,81409295.0,1398
2022-03,74,11562062.0,13429982.64,13429982.64,21499.0,287.504,0,113466339.0,1407
2022-04,75,11216036.0,12955728.3,12955728.3,40354.0,289.109,0,115282254.0,1406
2022-05,76,12733744.0,14548468.94,14548468.94,35427.0,292.296,0,110566603.0,1410
2022-06,74,8546441.0,9632113.1,9632113.1,34005.0,296.311,0,99040047.0,1428
2022-07,74,8197833.0,9240312.16,9240312.16,36893.0,296.276,0,99288980.0,1434
2022-08,76,9543026.0,10760380.38,10760380.38,18461.0,296.171,0,94678377.0,1438
2022-09,77,10259167.0,11543049.17,11543049.17,34824.0,296.808,0,110629481.0,1448
2022-10,77,13237492.0,14833922.55,14833922.55,31427.0,298.012,0,119315652.0,1461
2022-11,76,8734335.0,9797584.38,9797584.38,41295.0,297.711,0,95178871.0,1471
2022-12,74,8486716.0,9549138.91,9549138.91,38382.0,296.797,0,100365241.0,1468
2023-01,71,7333332.0,8185917.33,8185917.33,28257.0,299.17,0,88299152.0,1477
2023-02,73,8907528.0,9887936.41,9887936.41,32634.0,300.84,0,94684185.0,1476
2023-03,73,12704907.0,14056736.45,14056736.45,14755.0,301.836,0,121791800.0,1483
2023-04,73,14408366.0,15861204.7,12382890.58,10648.0,303.363,0,116704035.0,1493
2023-05,75,10789677.0,11847794.55,11847794.55,25683.0,304.127,0,109280147.0,1492
2023-06,74,8880123.0,9719591.48,9719591.48,33264.0,305.109,0,99465997.0,1500
2023-07,74,8398924.0,9175400.87,9175400.87,31884.0,305.691,0,97590275.0,1501
2023-08,74,8040535.0,8745685.2,8745685.2,146339.0,307.026,0,91757922.0,1502
2023-09,74,11525800.0,12505528.01,12505528.01,187039.0,307.789,0,107759002.0,1508
2023-10,75,11711383.0,12711759.56,12711759.56,157372.0,307.671,0,126511707.0,1513
2023-11,74,9403469.0,10227314.94,10227314.94,114138.0,307.051,0,96131651.0,1530
2023-12,73,8400569.0,9145634.56,9145634.56,121292.0,306.746,0,101584666.0,1537
2024-01,73,6155533.0,6665172.66,6665172.66,114813.0,308.417,0,79201950.0,1535
2024-02,73,8553884.0,9205115.49,9205115.49,119158.0,310.326,0,94768791.0,1535
2024-03,75,14966903.0,16002930.19,12951353.6,175404.0,312.332,0,119342862.0,1535
2024-04,75,13577796.0,14461365.18,11573619.99,152379.0,313.548,0,115373939.0,1542
2024-05,75,11650836.0,12388424.15,12388424.15,268297.0,314.069,0,112663383.0,1556
2024-06,73,6672233.0,7092243.35,7092243.35,150807.0,314.175,0,94925012.0,1558
2024-07,74,7299234.0,7749710.03,7749710.03,195390.0,314.54,0,88023665.0,1563
2024-08,74,8660377.0,9187379.19,9187379.19,425250.0,314.796,0,95011567.0,1558
2024-09,75,8269370.0,8758528.04,8758528.04,131465.0,315.301,0,97684598.0,1583
2024-10,73,25188561.0,26647860.77,11236602.91,142599.0,315.664,0,128492772.0,1577
2024-11,73,10888725.0,11525807.2,11525807.2,123380.0,315.493,0,103922144.0,1586
2024-12,70,7241015.0,7661955.42,7661955.42,86668.0,315.605,0,98254340.0,1578
2025-01,72,6089640.0,6401740.98,6401740.98,95945.0,317.671,0,79149792.0,1571
2025-02,71,7849924.0,8215749.62,8215749.62,150231.0,319.082,0,91751063.0,1581
2025-03,72,12253712.0,12796011.34,12796011.34,138494.0,319.799,0,118735576.0,1592
2025-04,71,13778624.0,14343736.79,12543078.68,156332.0,320.795,0,113414273.0,1593
2025-05,72,9412798.0,9778429.12,9778429.12,154002.0,321.465,0,113918317.0,1588
2025-06,72,6484786.0,6713791.36,6713791.36,43218.0,322.561,0,92512128.0,1599
2025-07,70,6121171.0,6327781.93,6327781.93,155508.0,323.048,0,89084864.0,1578
2025-08,70,6813533.0,7023338.06,7023338.06,170485.0,323.976,0,96098389.0,1586
2025-09,70,7525506.0,7737554.74,7737554.74,125591.0,324.8,0,96971857.0,1612
2025-10,72,21142505.0,21760956.88,8853998.88,161257.0,324.461,1,125974367.0,1616
2025-11,71,8028717.0,8272212.62,8272212.62,138876.0,324.122,0,100076150.0,1629
2025-12,71,6614633.0,6816672.28,6816672.28,112673.0,324.054,0,98173883.0,1620
2026-01,70,5712304.0,5865099.51,5865099.51,144815.0,325.252,0,81545913.0,1614
2026-02,71,8727655.0,8919068.63,8919068.63,274899.0,326.785,0,96443041.0,1627
2026-03,73,12438401.0,12579240.95,11402415.96,235258.0,330.213,0,112464867.0,1630
2026-04,73,13046797.0,13083310.17,10160820.02,279908.0,333.02,0,111876212.0,1634
2026-05,72,11005153.0,10966698.36,10966698.36,331844.0,335.123,0,117319199.0,1638
2026-06,73,8172413.0,8172413.0,8172413.0,241897.0,333.952,0,100339857.0,1642
