venue_key,addr_in,match_status,match_type,addr_matched,coords,tigerline_id,side
"thegatsby","708 E 6TH ST, Austin, TX, 78701","Match","Exact","708 E 6TH ST, AUSTIN, TX, 78701","-97.735663453725,30.266120848168","63946549","L"
"vortex","2307 MANOR RD, Austin, TX, 78722","Match","Exact","2307 MANOR RD, AUSTIN, TX, 78722","-97.718044425471,30.284416157224","63946934","R"
"threadgills_n","6416 N LAMAR BLVD, Austin, TX, 78752","Match","Exact","6416 N LAMAR BLVD, AUSTIN, TX, 78752","-97.722670666761,30.331852262169","63931588","L"
"threadgills_s","301 W RIVERSIDE DR, Austin, TX, 78704","Match","Exact","301 W RIVERSIDE DR, AUSTIN, TX, 78704","-97.748223258728,30.258346252318","63944823","L"
"elephantroom","315 CONGRESS AVE # 10, Austin, TX, 78701","Match","Exact","315 CONGRESS AVE, AUSTIN, TX, 78701","-97.743728689944,30.265415226667","64016834","R"
"lalas","2207 JUSTIN LN, Austin, TX, 78757","Match","Exact","2207 JUSTIN LN, AUSTIN, TX, 78757","-97.73589999096,30.34464869466","63930968","L"
"marchesa","6406 N INTERSTATE 35 STE 3100, Austin, TX, 78752","Match","Non_Exact","6406 N I- 35 SVC RD, AUSTIN, TX, 78752","-97.707304996913,30.32382843235","63987834","L"
"empire","606 E 7TH ST, Austin, TX, 78701","Match","Exact","606 E 7TH ST, AUSTIN, TX, 78701","-97.736677108233,30.267422253603","63946538","L"
"o4lounge","3808 S CONGRESS AVE, Austin, TX, 78704","Match","Non_Exact","3808 CONGRESS AVE S, AUSTIN, TX, 78704","-97.762504306406,30.225538030468","63945199","R"
"acl_moody","310 W 2ND ST, Austin, TX, 78701","Match","Exact","310 W 2ND ST, AUSTIN, TX, 78701","-97.746727058887,30.265094309399","63943391","R"
"cosmic","121 PICKLE RD STE D, Austin, TX, 78704","Match","Non_Exact","121 PICKLE RD, AUSTIN, TX, 78704","-97.761784315159,30.227320102311","63945174","R"
"esthers","525 E 6TH ST, Austin, TX, 78701","Match","Exact","525 E 6TH ST, AUSTIN, TX, 78701","-97.737976376897,30.266640231528","63946506","R"
"o4center","2701 S LAMAR BLVD, Austin, TX, 78704","Match","Exact","2701 S LAMAR BLVD, AUSTIN, TX, 78704","-97.779854046688,30.245269194774","63943676","L"
"clubdeville","900 RED RIVER ST, Austin, TX, 78701","Match","Exact","900 RED RIVER ST, AUSTIN, TX, 78701","-97.736194412081,30.269371858445","63946523","L"
"austinmusichall","208 NUECES ST, Austin, TX, 78701","Match","Exact","208 NUECES ST, AUSTIN, TX, 78701","-97.749825335762,30.266009905395","64093793","L"
"lazonarosa","612 W 4TH ST, Austin, TX, 78701","Match","Exact","612 W 4TH ST, AUSTIN, TX, 78701","-97.749286225745,30.267887383619","63943360","R"
"sabg","10700 MENCHACA RD, Austin, TX, 78748","Match","Non_Exact","10700 MANCHACA RD, AUSTIN, TX, 78748","-97.830094729293,30.164140771621","63940248","R"
"shoalcreek","909 N LAMAR BLVD, Austin, TX, 78703","Match","Exact","909 N LAMAR BLVD, AUSTIN, TX, 78703","-97.752649689716,30.274061555472","63943147","R"
"sidewinder","715 RED RIVER ST, Austin, TX, 78701","Match","Exact","715 RED RIVER ST, AUSTIN, TX, 78701","-97.736691144919,30.267554578139","63946536","R"
"poodies","22308 STATE HIGHWAY 71 W, Austin, TX, 78669","Match","Non_Exact","22308 W HWY 71, SPICEWOOD, TX, 78669","-98.074141628688,30.369445996574","63966024","L"
"sevengrand","405 E 7TH ST, Austin, TX, 78701","Match","Exact","405 E 7TH ST, AUSTIN, TX, 78701","-97.738870269157,30.26791900377","63946497","R"
"chessclub","617 RED RIVER ST, Austin, TX, 78701","Match","Exact","617 RED RIVER ST, AUSTIN, TX, 78701","-97.737050559365,30.266641743839","63946537","R"
"highball","1142 S LAMAR BLVD, Austin, TX, 78704","Match","Exact","1142 S LAMAR BLVD, AUSTIN, TX, 78704","-97.762012446757,30.255292212348","63944491","R"
"redeyedfly","715 RED RIVER ST, Austin, TX, 78701","Match","Exact","715 RED RIVER ST, AUSTIN, TX, 78701","-97.736691144919,30.267554578139","63946536","R"
"indianroller","10006 MANCHACA RD, Austin, TX, 78748","Match","Exact","10006 MANCHACA RD, AUSTIN, TX, 78748","-97.824328568375,30.172141493121","653243417","R"
"littlelonghorn","5434A BURNET RD, Austin, TX, 78756","Match","Non_Exact","5434A BURNET RD, AUSTIN, TX, 78756","-97.739875061689,30.32913152356","63931343","L"
"continental","1315 S CONGRESS AVE, Austin, TX, 78704","Match","Non_Exact","1315 CONGRESS AVE S, AUSTIN, TX, 78704","-97.749114310506,30.250901846543","63944861","L"
"emoseast","2015 E RIVERSIDE DR STE 10, Austin, TX, 78741","Match","Exact","2015 E RIVERSIDE DR, AUSTIN, TX, 78741","-97.727749314746,30.240909595478","64039088","R"
"emos_orig","603 RED RIVER ST, Austin, TX, 78701","Match","Exact","603 RED RIVER ST, AUSTIN, TX, 78701","-97.737097687145,30.266524776105","63946537","R"
"farout","8504 S CONGRESS AVE, Austin, TX, 78745","Match","Exact","8504 S CONGRESS AVE, AUSTIN, TX, 78745","-97.786227041418,30.170824241949","64012708","L"
"moontower","10212 MANCHACA RD, Austin, TX, 78748","Match","Exact","10212 MANCHACA RD, AUSTIN, TX, 78748","-97.825736200148,30.169170016597","624842427","R"
"holymtn","617 E 7TH ST, Austin, TX, 78701","Match","Exact","617 E 7TH ST, AUSTIN, TX, 78701","-97.736625173118,30.267287994131","63946538","R"
"belmont","305 W 6TH ST, Austin, TX, 78701","Match","Exact","305 W 6TH ST, AUSTIN, TX, 78701","-97.745325379824,30.268688662294","63943410","L"
"midway","2015 E RIVERSIDE DR BLDG 4, Austin, TX, 78741","Match","Exact","2015 E RIVERSIDE DR, AUSTIN, TX, 78741","-97.727749314746,30.240909595478","64039088","R"
"plush","617 RED RIVER ST, Austin, TX, 78701","Match","Exact","617 RED RIVER ST, AUSTIN, TX, 78701","-97.737050559365,30.266641743839","63946537","R"
"redshed","8504 S CONGRESS AVE, Austin, TX, 78745","Match","Exact","8504 S CONGRESS AVE, AUSTIN, TX, 78745","-97.786227041418,30.170824241949","64012708","L"
"concourse","8509 BURLESON RD BLDG A, Austin, TX, 78719","Match","Non_Exact","8509 BURLESON RD, AUSTIN, TX, 78719","-97.68567182485,30.181134611247","653226254","R"
"containerbar","90 RAINEY ST, Austin, TX, 78701","Match","Exact","90 RAINEY ST, AUSTIN, TX, 78701","-97.738329272145,30.260182066932","63946583","L"
"creekside","606 E 7TH ST, Austin, TX, 78701","Match","Exact","606 E 7TH ST, AUSTIN, TX, 78701","-97.736677108233,30.267422253603","63946538","L"
"radiocoffee","4204 MANCHACA RD, Austin, TX, 78704","Match","Exact","4204 MANCHACA RD, AUSTIN, TX, 78704","-97.787375676436,30.231471822617","63943999","R"
"lostwell","1141 1/2 AIRPORT BLVD, Austin, TX, 78702","Match","Non_Exact","1141 1/2 AIRPORT BLVD, AUSTIN, TX, 78702","-97.697048732684,30.270924668636","63948009","R"
"northdoor","501 N INTERSTATE 35, Austin, TX, 78702","Match","Non_Exact","501 N I- 35 SVC RD, AUSTIN, TX, 78702","-97.734382252995,30.264715634768","63946660","R"
"yellowjacket","1704 E 5TH ST STE 100, Austin, TX, 78702","Match","Exact","1704 E 5TH ST, AUSTIN, TX, 78702","-97.72482726467,30.261468399106","648442974","L"
"littledarlin","6507 CIRCLE S RD, Austin, TX, 78745","Match","Exact","6507 CIRCLE S RD, AUSTIN, TX, 78745","-97.777200974232,30.194099522716","64013927","L"
"mohawk","912 RED RIVER ST, Austin, TX, 78701","Match","Exact","912 RED RIVER ST, AUSTIN, TX, 78701","-97.736153523108,30.269472133776","63946523","L"
"giddyups","10509 OLD MANCHACA RD, Austin, TX, 78748","Match","Exact","10509 OLD MANCHACA RD, AUSTIN, TX, 78748","-97.830476008923,30.166631945543","63940172","L"
"speakeasy","412 CONGRESS AVE STE D, Austin, TX, 78701","Match","Non_Exact","412 CONGRESS AVE, AUSTIN, TX, 78701","-97.743506049567,30.266381461187","63943459","L"
"parishroom","214 E 6TH ST, Austin, TX, 78701","Match","Exact","214 E 6TH ST, AUSTIN, TX, 78701","-97.741235741744,30.267680313429","63943464","L"
"moodycenter","2001 ROBERT DEDMAN DR, Austin, TX, 78712","Match","Exact","2001 ROBERT DEDMAN DR, AUSTIN, TX, 78712","-97.731697906199,30.281110213856","63946409","R"
"one2one","1509 S LAMAR BLVD STE 600, Austin, TX, 78704","Match","Exact","1509 S LAMAR BLVD, AUSTIN, TX, 78704","-97.764050229399,30.252347564226","649358861","L"
"spiderhouse","2908 FRUTH ST, Austin, TX, 78705","Match","Exact","2908 FRUTH ST, AUSTIN, TX, 78705","-97.741573475664,30.295496427936","649112043","L"
"longcenter","701 W RIVERSIDE DR, Austin, TX, 78704","Match","Exact","701 W RIVERSIDE DR, AUSTIN, TX, 78704","-97.75024748146,30.260901850706","64039745","L"
"lastchance","12013 W HIGHWAY 290, Austin, TX, 78737","Match","Exact","12013 W HWY 290, AUSTIN, TX, 78737","-97.96828630538,30.211402690324","63975900","L"
"blackheart","86 RAINEY ST, Austin, TX, 78701","Match","Exact","86 RAINEY ST, AUSTIN, TX, 78701","-97.738428329001,30.25992016962","63946586","L"
"wonderland","1104 E 6TH ST, Austin, TX, 78702","Match","Exact","1104 E 6TH ST, AUSTIN, TX, 78702","-97.731427903606,30.264765229894","63946728","L"
"creekcave","611 E 7TH ST, Austin, TX, 78701","Match","Exact","611 E 7TH ST, AUSTIN, TX, 78701","-97.73668024128,30.267302968809","63946538","R"
"cati","2015 E RIVERSIDE DR BLDG 4, Austin, TX, 78741","Match","Exact","2015 E RIVERSIDE DR, AUSTIN, TX, 78741","-97.727749314746,30.240909595478","64039088","R"
"jovitas","1617 / 1619 S 1ST STREET, Austin, TX, 78704","Match","Non_Exact","1619 S 1ST ST, AUSTIN, TX, 78704","-97.755177727008,30.249144770365","63944660","L"
"parish_ih35","501 N INTERSTATE 35 STE 113, Austin, TX, 78702","Match","Non_Exact","501 N I- 35 SVC RD, AUSTIN, TX, 78702","-97.734382252995,30.264715634768","63946660","R"
"maggiemaes","323 E 6TH ST, Austin, TX, 78701","Match","Exact","323 E 6TH ST, AUSTIN, TX, 78701","-97.74012965303,30.2672534392","63946490","R"
"abgb","1305 W OLTORF ST STE 200, Austin, TX, 78704","Match","Non_Exact","1305 OLTORF ST W, AUSTIN, TX, 78704","-97.768433221897,30.245362765692","64121680","L"
"frontpage","1023 SPRINGDALE RD BLDG 1 STE F, Austin, TX, 78721","Match","Non_Exact","1023 SPRINGDALE RD, AUSTIN, TX, 78721","-97.693463309561,30.268725946821","63948142","R"
"moodyamph","1401 TRINITY ST, Austin, TX, 78701","Match","Exact","1401 TRINITY ST, AUSTIN, TX, 78701","-97.736291489639,30.274997752567","63946382","R"
"shadygrove","1624 BARTON SPRINGS RD, Austin, TX, 78704","Match","Exact","1624 BARTON SPRINGS RD, AUSTIN, TX, 78704","-97.761670348923,30.262218191886","63942978","R"
"cheerup","900 RED RIVER ST, Austin, TX, 78701","Match","Exact","900 RED RIVER ST, AUSTIN, TX, 78701","-97.736194412081,30.269371858445","63946523","L"
"goodnight","2700 W ANDERSON LN STE 100, Austin, TX, 78757","Match","Exact","2700 W ANDERSON LN, AUSTIN, TX, 78757","-97.734244192684,30.35783386276","641674934","R"
"bartonsprings","424 S LAMAR BLVD, Austin, TX, 78704","Match","Exact","424 S LAMAR BLVD, AUSTIN, TX, 78704","-97.758287278343,30.261863419017","64094753","R"
"longbranch","1133 E 11TH ST, Austin, TX, 78702","Match","Exact","1133 E 11TH ST, AUSTIN, TX, 78702","-97.728641700187,30.268919815064","63946698","R"
"dozenst","1808 E 12TH ST, Austin, TX, 78702","Match","Exact","1808 E 12TH ST, AUSTIN, TX, 78702","-97.72075725887,30.273729983826","63946984","L"
"blindpig","317 E 6TH ST, Austin, TX, 78701","Match","Exact","317 E 6TH ST, AUSTIN, TX, 78701","-97.740185655091,30.267270894391","63946490","R"
"stubbs","801 RED RIVER ST, Austin, TX, 78701","Match","Exact","801 RED RIVER ST, AUSTIN, TX, 78701","-97.736404439891,30.268365468707","63946516","R"
"halfstep","75 1/2 RAINEY ST, Austin, TX, 78701","Match","Non_Exact","75 1/2 RAINEY ST, AUSTIN, TX, 78701","-97.738649068944,30.258967002565","63946586","R"
"cboys","2008 S CONGRESS AVE, Austin, TX, 78704","Match","Non_Exact","2008 CONGRESS AVE S, AUSTIN, TX, 78704","-97.751954304556,30.24359548404","63944953","R"
"sagebrush","5500 S CONGRESS AVE, Austin, TX, 78745","Match","Non_Exact","5500 CONGRESS AVE S, AUSTIN, TX, 78745","-97.774341335533,30.206158455673","627212923","R"
"scratchouse","617 E 7TH ST, Austin, TX, 78701","Match","Exact","617 E 7TH ST, AUSTIN, TX, 78701","-97.736625173118,30.267287994131","63946538","R"
"dirtydog","505 E 6TH ST, Austin, TX, 78701","Match","Exact","505 E 6TH ST, AUSTIN, TX, 78701","-97.738166518898,30.266695251351","63946506","R"
"nomad","1213 CORONA DR, Austin, TX, 78723","Match","Exact","1213 CORONA DR, AUSTIN, TX, 78723","-97.704776515518,30.312862411654","63932594","R"
"flamingo","515 E 6TH ST, Austin, TX, 78701","Match","Exact","515 E 6TH ST, AUSTIN, TX, 78701","-97.738071447898,30.26666774144","63946506","R"
"whitehorse","500 COMAL ST, Austin, TX, 78702","Match","Exact","500 COMAL ST, AUSTIN, TX, 78702","-97.72700147075,30.2622273949","63947128","L"
"gands","2420 S 1ST ST, Austin, TX, 78704","Match","Exact","2420 S 1ST ST, AUSTIN, TX, 78704","-97.759860387616,30.241850705966","63944762","R"
"paramount","713 CONGRESS AVE, Austin, TX, 78701","Match","Exact","713 CONGRESS AVE, AUSTIN, TX, 78701","-97.742349043496,30.269103392404","63943449","R"
"antones","305 E 5TH ST, Austin, TX, 78701","Match","Exact","305 E 5TH ST, AUSTIN, TX, 78701","-97.740655018337,30.266353251542","63946494","R"
"parker","117 W 4TH ST, Austin, TX, 78701","Match","Exact","117 W 4TH ST, AUSTIN, TX, 78701","-97.743775048178,30.266227613543","63943437","L"
"beerland","711 1/2 RED RIVER ST, Austin, TX, 78701","Match","Non_Exact","711 1/2 RED RIVER ST, AUSTIN, TX, 78701","-97.736702968196,30.267521213827","63946536","R"
"brushy","501 N INTERSTATE 35 STE 113, Austin, TX, 78702","Match","Non_Exact","501 N I- 35 SVC RD, AUSTIN, TX, 78702","-97.734382252995,30.264715634768","63946660","R"
"coralsnake","1910 E CESAR CHAVEZ ST, Austin, TX, 78702","Match","Exact","1910 E CESAR CHAVEZ ST, AUSTIN, TX, 78702","-97.724435962982,30.257129163969","63948543","L"
"brokenspoke","3201 S LAMAR BLVD, Austin, TX, 78704","Match","Exact","3201 S LAMAR BLVD, AUSTIN, TX, 78704","-97.785369931323,30.241318101582","650101542","L"
"scootinn","1308 E 4TH ST, Austin, TX, 78702","Match","Exact","1308 E 4TH ST, AUSTIN, TX, 78702","-97.730174929734,30.262263477992","63946778","L"
"saxon","1320 S LAMAR BLVD, Austin, TX, 78704","Match","Exact","1320 S LAMAR BLVD, AUSTIN, TX, 78704","-97.763048687666,30.253653319974","649358860","R"
"summit","120 W 5TH ST, Austin, TX, 78701","Match","Exact","120 W 5TH ST, AUSTIN, TX, 78701","-97.743451922872,30.267259165457","63943436","R"
"hotelvegas","1500-1502 E 6TH ST STE A, Austin, TX, 78702","Match","Non_Exact","1502 E 6TH ST, AUSTIN, TX, 78702","-97.727437938348,30.263414433913","63947126","L"
"skylark","2039 AIRPORT BLVD, Austin, TX, 78722","Match","Exact","2039 AIRPORT BLVD, AUSTIN, TX, 78722","-97.704910232851,30.284111626912","63947716","R"
"stateside","719 CONGRESS AVE, Austin, TX, 78701","Match","Exact","719 CONGRESS AVE, AUSTIN, TX, 78701","-97.74232956348,30.269154040441","63943449","R"
"kickbutt","5775 AIRPORT BLVD STE 725, Austin, TX, 78752","Match","Exact","5775 AIRPORT BLVD, AUSTIN, TX, 78752","-97.714248499745,30.32218049442","649001911","R"
"vulcan","418 E 6TH ST, Austin, TX, 78701","Match","Exact","418 E 6TH ST, AUSTIN, TX, 78701","-97.739075801546,30.267058058331","63946502","L"
"elysium","705 RED RIVER ST, Austin, TX, 78701","Match","Exact","705 RED RIVER ST, AUSTIN, TX, 78701","-97.736720703111,30.267471167359","63946536","R"
"nuttybrown","12225 W HIGHWAY 290, Austin, TX, 78737","Match","Exact","12225 W HWY 290, AUSTIN, TX, 78737","-98.004016425542,30.196381474322","653533040","L"
"room710","710 RED RIVER ST, Austin, TX, 78701","Match","Exact","710 RED RIVER ST, AUSTIN, TX, 78701","-97.736829836762,30.267554750342","63946536","L"
"holeinwall","2538 GUADALUPE ST, Austin, TX, 78705","Match","Exact","2538 GUADALUPE ST, AUSTIN, TX, 78705","-97.74140329516,30.289975246615","63942706","L"
"barracuda","611 E 7TH ST, Austin, TX, 78701","Match","Exact","611 E 7TH ST, AUSTIN, TX, 78701","-97.73668024128,30.267302968809","63946538","R"
"samstown","2115 ALLRED DR, Austin, TX, 78748","Match","Exact","2115 ALLRED DR, AUSTIN, TX, 78748","-97.827377748364,30.172651811244","64013120","L"
"buzzmill","1505 TOWN CREEK DR, Austin, TX, 78741","Match","Exact","1505 TOWN CREEK DR, AUSTIN, TX, 78741","-97.72719409826,30.241619041902","636368961","L"
"swandive","615 RED RIVER ST, Austin, TX, 78701","Match","Exact","615 RED RIVER ST, AUSTIN, TX, 78701","-97.737057291905,30.266625034162","63946537","R"
"kingdom","505 E 7TH ST, Austin, TX, 78701","Match","Exact","505 E 7TH ST, AUSTIN, TX, 78701","-97.737834468178,30.267614297403","63946500","R"
"hardluck","3526 E 7TH ST, Austin, TX, 78702","Match","Exact","3526 E 7TH ST, AUSTIN, TX, 78702","-97.702688678545,30.256772239031","640587947","L"
"mercer","12005 W STATE HIGHWAY 290, Austin, TX, 78737","Match","Exact","12005 W HWY 290, AUSTIN, TX, 78737","-97.968230140771,30.211453143275","63975900","L"
"sahara","1413 WEBBERVILLE RD, Austin, TX, 78721","Match","Exact","1413 WEBBERVILLE RD, AUSTIN, TX, 78721","-97.681147234965,30.279739404971","63951582","R"
"red7","611 E 7TH ST, Austin, TX, 78701","Match","Exact","611 E 7TH ST, AUSTIN, TX, 78701","-97.73668024128,30.267302968809","63946538","R"
"clivebar","609 DAVIS ST, Austin, TX, 78701","Match","Exact","609 DAVIS ST, AUSTIN, TX, 78701","-97.739162893817,30.260328698741","63946585","R"
"redriverhosp","711 1/2 RED RIVER ST, Austin, TX, 78701","Match","Non_Exact","711 1/2 RED RIVER ST, AUSTIN, TX, 78701","-97.736702968196,30.267521213827","63946536","R"
"riorita","1203 CHICON ST, Austin, TX, 78702","Match","Exact","1203 CHICON ST, AUSTIN, TX, 78702","-97.71985762918,30.273873532201","63946989","R"
"haymaker","2310 MANOR RD, Austin, TX, 78722","Match","Exact","2310 MANOR RD, AUSTIN, TX, 78722","-97.718029910303,30.284534561345","63946934","L"
"donns","1600 W 5TH ST, Austin, TX, 78703","Match","Exact","1600 W 5TH ST, AUSTIN, TX, 78703","-97.763322141067,30.273789631278","63942801","R"
"valhalla","710 RED RIVER ST, Austin, TX, 78701","Match","Exact","710 RED RIVER ST, AUSTIN, TX, 78701","-97.736829836762,30.267554750342","63946536","L"
