geo,date,value,series
"Austin, TX",2015-01-31,1197.704710301361,ZORI_smoothed_notseasadj
"Austin, TX",2015-02-28,1208.9392752044962,ZORI_smoothed_notseasadj
"Austin, TX",2015-03-31,1217.4276603060218,ZORI_smoothed_notseasadj
"Austin, TX",2015-04-30,1224.7855773314818,ZORI_smoothed_notseasadj
"Austin, TX",2015-05-31,1235.25753002028,ZORI_smoothed_notseasadj
"Austin, TX",2015-06-30,1243.2264973332728,ZORI_smoothed_notseasadj
"Austin, TX",2015-07-31,1249.57483519211,ZORI_smoothed_notseasadj
"Austin, TX",2015-08-31,1254.3029365733119,ZORI_smoothed_notseasadj
"Austin, TX",2015-09-30,1254.1631990459503,ZORI_smoothed_notseasadj
"Austin, TX",2015-10-31,1251.1781175801452,ZORI_smoothed_notseasadj
"Austin, TX",2015-11-30,1248.0062868991472,ZORI_smoothed_notseasadj
"Austin, TX",2015-12-31,1251.5272425681012,ZORI_smoothed_notseasadj
"Austin, TX",2016-01-31,1257.012869135999,ZORI_smoothed_notseasadj
"Austin, TX",2016-02-29,1259.9029205448076,ZORI_smoothed_notseasadj
"Austin, TX",2016-03-31,1263.206406549366,ZORI_smoothed_notseasadj
"Austin, TX",2016-04-30,1272.5425680608298,ZORI_smoothed_notseasadj
"Austin, TX",2016-05-31,1282.9017784171938,ZORI_smoothed_notseasadj
"Austin, TX",2016-06-30,1291.0529037430335,ZORI_smoothed_notseasadj
"Austin, TX",2016-07-31,1294.1443594839097,ZORI_smoothed_notseasadj
"Austin, TX",2016-08-31,1293.4421088483314,ZORI_smoothed_notseasadj
"Austin, TX",2016-09-30,1289.4139174911768,ZORI_smoothed_notseasadj
"Austin, TX",2016-10-31,1280.5112645100733,ZORI_smoothed_notseasadj
"Austin, TX",2016-11-30,1275.887950425685,ZORI_smoothed_notseasadj
"Austin, TX",2016-12-31,1276.4477665319748,ZORI_smoothed_notseasadj
"Austin, TX",2017-01-31,1282.6213823988624,ZORI_smoothed_notseasadj
"Austin, TX",2017-02-28,1292.9004009778903,ZORI_smoothed_notseasadj
"Austin, TX",2017-03-31,1306.6761986323968,ZORI_smoothed_notseasadj
"Austin, TX",2017-04-30,1317.3935511345092,ZORI_smoothed_notseasadj
"Austin, TX",2017-05-31,1323.1356468161162,ZORI_smoothed_notseasadj
"Austin, TX",2017-06-30,1326.8708782896958,ZORI_smoothed_notseasadj
"Austin, TX",2017-07-31,1327.178169362682,ZORI_smoothed_notseasadj
"Austin, TX",2017-08-31,1324.3291936399862,ZORI_smoothed_notseasadj
"Austin, TX",2017-09-30,1317.6371039930414,ZORI_smoothed_notseasadj
"Austin, TX",2017-10-31,1310.3823526618855,ZORI_smoothed_notseasadj
"Austin, TX",2017-11-30,1310.4878096296225,ZORI_smoothed_notseasadj
"Austin, TX",2017-12-31,1310.4300052544859,ZORI_smoothed_notseasadj
"Austin, TX",2018-01-31,1312.2353410044964,ZORI_smoothed_notseasadj
"Austin, TX",2018-02-28,1320.3152401908685,ZORI_smoothed_notseasadj
"Austin, TX",2018-03-31,1327.1053533408287,ZORI_smoothed_notseasadj
"Austin, TX",2018-04-30,1338.8590629246862,ZORI_smoothed_notseasadj
"Austin, TX",2018-05-31,1343.6940257725023,ZORI_smoothed_notseasadj
"Austin, TX",2018-06-30,1354.5224350151377,ZORI_smoothed_notseasadj
"Austin, TX",2018-07-31,1361.9651826437685,ZORI_smoothed_notseasadj
"Austin, TX",2018-08-31,1366.4329999077956,ZORI_smoothed_notseasadj
"Austin, TX",2018-09-30,1365.1431924675508,ZORI_smoothed_notseasadj
"Austin, TX",2018-10-31,1364.060417908657,ZORI_smoothed_notseasadj
"Austin, TX",2018-11-30,1368.1310325186962,ZORI_smoothed_notseasadj
"Austin, TX",2018-12-31,1369.637606999415,ZORI_smoothed_notseasadj
"Austin, TX",2019-01-31,1372.5030374159207,ZORI_smoothed_notseasadj
"Austin, TX",2019-02-28,1379.0753541142176,ZORI_smoothed_notseasadj
"Austin, TX",2019-03-31,1391.39642702924,ZORI_smoothed_notseasadj
"Austin, TX",2019-04-30,1402.4052454630469,ZORI_smoothed_notseasadj
"Austin, TX",2019-05-31,1408.7454588765338,ZORI_smoothed_notseasadj
"Austin, TX",2019-06-30,1414.8197838936205,ZORI_smoothed_notseasadj
"Austin, TX",2019-07-31,1423.1344355704796,ZORI_smoothed_notseasadj
"Austin, TX",2019-08-31,1429.7593737850593,ZORI_smoothed_notseasadj
"Austin, TX",2019-09-30,1430.6141031660623,ZORI_smoothed_notseasadj
"Austin, TX",2019-10-31,1428.285229687793,ZORI_smoothed_notseasadj
"Austin, TX",2019-11-30,1425.0039622153492,ZORI_smoothed_notseasadj
"Austin, TX",2019-12-31,1425.8741986130954,ZORI_smoothed_notseasadj
"Austin, TX",2020-01-31,1430.7002626876363,ZORI_smoothed_notseasadj
"Austin, TX",2020-02-29,1437.3856384666697,ZORI_smoothed_notseasadj
"Austin, TX",2020-03-31,1446.3983156786005,ZORI_smoothed_notseasadj
"Austin, TX",2020-04-30,1443.3802955955048,ZORI_smoothed_notseasadj
"Austin, TX",2020-05-31,1435.3777187175742,ZORI_smoothed_notseasadj
"Austin, TX",2020-06-30,1428.5647491997252,ZORI_smoothed_notseasadj
"Austin, TX",2020-07-31,1432.321334681636,ZORI_smoothed_notseasadj
"Austin, TX",2020-08-31,1434.7532849213178,ZORI_smoothed_notseasadj
"Austin, TX",2020-09-30,1428.14266585305,ZORI_smoothed_notseasadj
"Austin, TX",2020-10-31,1419.79260664004,ZORI_smoothed_notseasadj
"Austin, TX",2020-11-30,1416.1633453752015,ZORI_smoothed_notseasadj
"Austin, TX",2020-12-31,1418.3814005250017,ZORI_smoothed_notseasadj
"Austin, TX",2021-01-31,1430.301121052591,ZORI_smoothed_notseasadj
"Austin, TX",2021-02-28,1447.0495279581016,ZORI_smoothed_notseasadj
"Austin, TX",2021-03-31,1470.2039406150363,ZORI_smoothed_notseasadj
"Austin, TX",2021-04-30,1498.1638755449292,ZORI_smoothed_notseasadj
"Austin, TX",2021-05-31,1536.2366894737922,ZORI_smoothed_notseasadj
"Austin, TX",2021-06-30,1583.1544681462365,ZORI_smoothed_notseasadj
"Austin, TX",2021-07-31,1635.269245372716,ZORI_smoothed_notseasadj
"Austin, TX",2021-08-31,1683.323978805839,ZORI_smoothed_notseasadj
"Austin, TX",2021-09-30,1713.9485616607617,ZORI_smoothed_notseasadj
"Austin, TX",2021-10-31,1723.895078541452,ZORI_smoothed_notseasadj
"Austin, TX",2021-11-30,1720.4979413784267,ZORI_smoothed_notseasadj
"Austin, TX",2021-12-31,1725.1276098156638,ZORI_smoothed_notseasadj
"Austin, TX",2022-01-31,1728.4836800896328,ZORI_smoothed_notseasadj
"Austin, TX",2022-02-28,1745.3017249125605,ZORI_smoothed_notseasadj
"Austin, TX",2022-03-31,1760.2362963245075,ZORI_smoothed_notseasadj
"Austin, TX",2022-04-30,1785.155579346698,ZORI_smoothed_notseasadj
"Austin, TX",2022-05-31,1807.1283704340326,ZORI_smoothed_notseasadj
"Austin, TX",2022-06-30,1832.0531652894667,ZORI_smoothed_notseasadj
"Austin, TX",2022-07-31,1854.890812466938,ZORI_smoothed_notseasadj
"Austin, TX",2022-08-31,1858.0869879360096,ZORI_smoothed_notseasadj
"Austin, TX",2022-09-30,1847.8057030049292,ZORI_smoothed_notseasadj
"Austin, TX",2022-10-31,1824.4034581420317,ZORI_smoothed_notseasadj
"Austin, TX",2022-11-30,1801.8342785110156,ZORI_smoothed_notseasadj
"Austin, TX",2022-12-31,1788.1197475367217,ZORI_smoothed_notseasadj
"Austin, TX",2023-01-31,1784.0973655547741,ZORI_smoothed_notseasadj
"Austin, TX",2023-02-28,1788.7617974967916,ZORI_smoothed_notseasadj
"Austin, TX",2023-03-31,1801.2917583067454,ZORI_smoothed_notseasadj
"Austin, TX",2023-04-30,1804.9918207296912,ZORI_smoothed_notseasadj
"Austin, TX",2023-05-31,1810.4012778670515,ZORI_smoothed_notseasadj
"Austin, TX",2023-06-30,1805.8746978092333,ZORI_smoothed_notseasadj
"Austin, TX",2023-07-31,1804.498428465723,ZORI_smoothed_notseasadj
"Austin, TX",2023-08-31,1793.7097668138856,ZORI_smoothed_notseasadj
"Austin, TX",2023-09-30,1775.698354215119,ZORI_smoothed_notseasadj
"Austin, TX",2023-10-31,1758.5929309860326,ZORI_smoothed_notseasadj
"Austin, TX",2023-11-30,1745.498819375149,ZORI_smoothed_notseasadj
"Austin, TX",2023-12-31,1738.5007490768464,ZORI_smoothed_notseasadj
"Austin, TX",2024-01-31,1730.8834980626673,ZORI_smoothed_notseasadj
"Austin, TX",2024-02-29,1727.247821948564,ZORI_smoothed_notseasadj
"Austin, TX",2024-03-31,1726.5597997245534,ZORI_smoothed_notseasadj
"Austin, TX",2024-04-30,1731.3427650768165,ZORI_smoothed_notseasadj
"Austin, TX",2024-05-31,1737.251023889612,ZORI_smoothed_notseasadj
"Austin, TX",2024-06-30,1739.3880557446726,ZORI_smoothed_notseasadj
"Austin, TX",2024-07-31,1735.4178530470842,ZORI_smoothed_notseasadj
"Austin, TX",2024-08-31,1721.881593825215,ZORI_smoothed_notseasadj
"Austin, TX",2024-09-30,1707.4632745672961,ZORI_smoothed_notseasadj
"Austin, TX",2024-10-31,1689.4236443124694,ZORI_smoothed_notseasadj
"Austin, TX",2024-11-30,1674.8862529364767,ZORI_smoothed_notseasadj
"Austin, TX",2024-12-31,1665.3510984154816,ZORI_smoothed_notseasadj
"Austin, TX",2025-01-31,1662.8073196822595,ZORI_smoothed_notseasadj
"Austin, TX",2025-02-28,1665.7535897097805,ZORI_smoothed_notseasadj
"Austin, TX",2025-03-31,1671.1313311003732,ZORI_smoothed_notseasadj
"Austin, TX",2025-04-30,1675.9844979465934,ZORI_smoothed_notseasadj
"Austin, TX",2025-05-31,1682.3977208085416,ZORI_smoothed_notseasadj
"Austin, TX",2025-06-30,1681.4701878913268,ZORI_smoothed_notseasadj
"Austin, TX",2025-07-31,1673.6939935907276,ZORI_smoothed_notseasadj
"Austin, TX",2025-08-31,1660.7764319819537,ZORI_smoothed_notseasadj
"Austin, TX",2025-09-30,1648.3367130973552,ZORI_smoothed_notseasadj
"Austin, TX",2025-10-31,1637.9528246129976,ZORI_smoothed_notseasadj
"Austin, TX",2025-11-30,1626.6006620924006,ZORI_smoothed_notseasadj
"Austin, TX",2025-12-31,1618.8501004404195,ZORI_smoothed_notseasadj
"Austin, TX",2026-01-31,1617.8277889651035,ZORI_smoothed_notseasadj
"Austin, TX",2026-02-28,1625.007382733768,ZORI_smoothed_notseasadj
"Austin, TX",2026-03-31,1631.1767718322428,ZORI_smoothed_notseasadj
"Austin, TX",2026-04-30,1639.3326971733725,ZORI_smoothed_notseasadj
"Austin, TX",2026-05-31,1645.1190387941394,ZORI_smoothed_notseasadj
"Austin, TX",2026-06-30,1653.2886334350471,ZORI_smoothed_notseasadj
"Dallas, TX",2015-01-31,1059.0059244748056,ZORI_smoothed_notseasadj
"Dallas, TX",2015-02-28,1063.7532524357505,ZORI_smoothed_notseasadj
"Dallas, TX",2015-03-31,1071.3947988165603,ZORI_smoothed_notseasadj
"Dallas, TX",2015-04-30,1082.51337811237,ZORI_smoothed_notseasadj
"Dallas, TX",2015-05-31,1091.7488767414304,ZORI_smoothed_notseasadj
"Dallas, TX",2015-06-30,1099.7209688414196,ZORI_smoothed_notseasadj
"Dallas, TX",2015-07-31,1106.1858475888532,ZORI_smoothed_notseasadj
"Dallas, TX",2015-08-31,1109.30352970822,ZORI_smoothed_notseasadj
"Dallas, TX",2015-09-30,1110.5763864204644,ZORI_smoothed_notseasadj
"Dallas, TX",2015-10-31,1109.8163101006146,ZORI_smoothed_notseasadj
"Dallas, TX",2015-11-30,1110.4724884974435,ZORI_smoothed_notseasadj
"Dallas, TX",2015-12-31,1112.1564496177893,ZORI_smoothed_notseasadj
"Dallas, TX",2016-01-31,1114.3896288651706,ZORI_smoothed_notseasadj
"Dallas, TX",2016-02-29,1120.3243050026756,ZORI_smoothed_notseasadj
"Dallas, TX",2016-03-31,1128.3195221244102,ZORI_smoothed_notseasadj
"Dallas, TX",2016-04-30,1138.882327904095,ZORI_smoothed_notseasadj
"Dallas, TX",2016-05-31,1147.31401991045,ZORI_smoothed_notseasadj
"Dallas, TX",2016-06-30,1154.501713062752,ZORI_smoothed_notseasadj
"Dallas, TX",2016-07-31,1158.7900153611718,ZORI_smoothed_notseasadj
"Dallas, TX",2016-08-31,1161.5253310536752,ZORI_smoothed_notseasadj
"Dallas, TX",2016-09-30,1161.4904419594725,ZORI_smoothed_notseasadj
"Dallas, TX",2016-10-31,1162.4412592776787,ZORI_smoothed_notseasadj
"Dallas, TX",2016-11-30,1162.1761369956573,ZORI_smoothed_notseasadj
"Dallas, TX",2016-12-31,1162.9258448879702,ZORI_smoothed_notseasadj
"Dallas, TX",2017-01-31,1167.7257068995984,ZORI_smoothed_notseasadj
"Dallas, TX",2017-02-28,1173.4849928288943,ZORI_smoothed_notseasadj
"Dallas, TX",2017-03-31,1185.7131905404701,ZORI_smoothed_notseasadj
"Dallas, TX",2017-04-30,1194.6047532985901,ZORI_smoothed_notseasadj
"Dallas, TX",2017-05-31,1207.0769720647477,ZORI_smoothed_notseasadj
"Dallas, TX",2017-06-30,1213.4458096745266,ZORI_smoothed_notseasadj
"Dallas, TX",2017-07-31,1217.9958338891404,ZORI_smoothed_notseasadj
"Dallas, TX",2017-08-31,1219.0284564497335,ZORI_smoothed_notseasadj
"Dallas, TX",2017-09-30,1218.0511140050644,ZORI_smoothed_notseasadj
"Dallas, TX",2017-10-31,1215.940377806523,ZORI_smoothed_notseasadj
"Dallas, TX",2017-11-30,1217.7801142174856,ZORI_smoothed_notseasadj
"Dallas, TX",2017-12-31,1218.1277222597648,ZORI_smoothed_notseasadj
"Dallas, TX",2018-01-31,1222.4232128127624,ZORI_smoothed_notseasadj
"Dallas, TX",2018-02-28,1228.048618122087,ZORI_smoothed_notseasadj
"Dallas, TX",2018-03-31,1235.1614476694015,ZORI_smoothed_notseasadj
"Dallas, TX",2018-04-30,1243.0484933721966,ZORI_smoothed_notseasadj
"Dallas, TX",2018-05-31,1248.2084483509866,ZORI_smoothed_notseasadj
"Dallas, TX",2018-06-30,1256.1361382953332,ZORI_smoothed_notseasadj
"Dallas, TX",2018-07-31,1259.6769928977862,ZORI_smoothed_notseasadj
"Dallas, TX",2018-08-31,1260.2300161934875,ZORI_smoothed_notseasadj
"Dallas, TX",2018-09-30,1257.0702307405882,ZORI_smoothed_notseasadj
"Dallas, TX",2018-10-31,1259.5733686215397,ZORI_smoothed_notseasadj
"Dallas, TX",2018-11-30,1261.2276018481498,ZORI_smoothed_notseasadj
"Dallas, TX",2018-12-31,1264.338096443725,ZORI_smoothed_notseasadj
"Dallas, TX",2019-01-31,1266.0076029189133,ZORI_smoothed_notseasadj
"Dallas, TX",2019-02-28,1270.0862684324586,ZORI_smoothed_notseasadj
"Dallas, TX",2019-03-31,1280.2042727425205,ZORI_smoothed_notseasadj
"Dallas, TX",2019-04-30,1288.9003324299197,ZORI_smoothed_notseasadj
"Dallas, TX",2019-05-31,1297.578310436298,ZORI_smoothed_notseasadj
"Dallas, TX",2019-06-30,1304.2447073383662,ZORI_smoothed_notseasadj
"Dallas, TX",2019-07-31,1307.0086218408903,ZORI_smoothed_notseasadj
"Dallas, TX",2019-08-31,1308.6875131134793,ZORI_smoothed_notseasadj
"Dallas, TX",2019-09-30,1307.354366760608,ZORI_smoothed_notseasadj
"Dallas, TX",2019-10-31,1307.2737554691987,ZORI_smoothed_notseasadj
"Dallas, TX",2019-11-30,1305.349250552345,ZORI_smoothed_notseasadj
"Dallas, TX",2019-12-31,1302.607572437564,ZORI_smoothed_notseasadj
"Dallas, TX",2020-01-31,1304.3847803669678,ZORI_smoothed_notseasadj
"Dallas, TX",2020-02-29,1310.317874052804,ZORI_smoothed_notseasadj
"Dallas, TX",2020-03-31,1318.2750246964383,ZORI_smoothed_notseasadj
"Dallas, TX",2020-04-30,1319.4664165583308,ZORI_smoothed_notseasadj
"Dallas, TX",2020-05-31,1319.3743477154421,ZORI_smoothed_notseasadj
"Dallas, TX",2020-06-30,1320.549092864616,ZORI_smoothed_notseasadj
"Dallas, TX",2020-07-31,1324.5294819207747,ZORI_smoothed_notseasadj
"Dallas, TX",2020-08-31,1328.2480244981648,ZORI_smoothed_notseasadj
"Dallas, TX",2020-09-30,1329.8800210261186,ZORI_smoothed_notseasadj
"Dallas, TX",2020-10-31,1331.9405546450157,ZORI_smoothed_notseasadj
"Dallas, TX",2020-11-30,1332.7338581596916,ZORI_smoothed_notseasadj
"Dallas, TX",2020-12-31,1336.5440825849303,ZORI_smoothed_notseasadj
"Dallas, TX",2021-01-31,1345.087822250046,ZORI_smoothed_notseasadj
"Dallas, TX",2021-02-28,1356.9036128260418,ZORI_smoothed_notseasadj
"Dallas, TX",2021-03-31,1368.9174665116605,ZORI_smoothed_notseasadj
"Dallas, TX",2021-04-30,1385.9589547815049,ZORI_smoothed_notseasadj
"Dallas, TX",2021-05-31,1409.1588118249745,ZORI_smoothed_notseasadj
"Dallas, TX",2021-06-30,1440.4839479553905,ZORI_smoothed_notseasadj
"Dallas, TX",2021-07-31,1472.437778109122,ZORI_smoothed_notseasadj
"Dallas, TX",2021-08-31,1502.5429949292716,ZORI_smoothed_notseasadj
"Dallas, TX",2021-09-30,1524.0395677384215,ZORI_smoothed_notseasadj
"Dallas, TX",2021-10-31,1537.3289645031298,ZORI_smoothed_notseasadj
"Dallas, TX",2021-11-30,1547.1378799091583,ZORI_smoothed_notseasadj
"Dallas, TX",2021-12-31,1556.6112339510216,ZORI_smoothed_notseasadj
"Dallas, TX",2022-01-31,1567.5588037440511,ZORI_smoothed_notseasadj
"Dallas, TX",2022-02-28,1579.7004458729114,ZORI_smoothed_notseasadj
"Dallas, TX",2022-03-31,1592.8727409838634,ZORI_smoothed_notseasadj
"Dallas, TX",2022-04-30,1610.951430614717,ZORI_smoothed_notseasadj
"Dallas, TX",2022-05-31,1632.3123512030822,ZORI_smoothed_notseasadj
"Dallas, TX",2022-06-30,1659.152790426609,ZORI_smoothed_notseasadj
"Dallas, TX",2022-07-31,1679.0002381343895,ZORI_smoothed_notseasadj
"Dallas, TX",2022-08-31,1685.9869703045597,ZORI_smoothed_notseasadj
"Dallas, TX",2022-09-30,1680.0741061047167,ZORI_smoothed_notseasadj
"Dallas, TX",2022-10-31,1666.2372182760673,ZORI_smoothed_notseasadj
"Dallas, TX",2022-11-30,1656.147203076949,ZORI_smoothed_notseasadj
"Dallas, TX",2022-12-31,1648.9517197826156,ZORI_smoothed_notseasadj
"Dallas, TX",2023-01-31,1648.242565877136,ZORI_smoothed_notseasadj
"Dallas, TX",2023-02-28,1650.6543068097258,ZORI_smoothed_notseasadj
"Dallas, TX",2023-03-31,1661.644641715164,ZORI_smoothed_notseasadj
"Dallas, TX",2023-04-30,1666.0290175962612,ZORI_smoothed_notseasadj
"Dallas, TX",2023-05-31,1673.6145436428135,ZORI_smoothed_notseasadj
"Dallas, TX",2023-06-30,1675.0454500360843,ZORI_smoothed_notseasadj
"Dallas, TX",2023-07-31,1682.1428034980759,ZORI_smoothed_notseasadj
"Dallas, TX",2023-08-31,1682.160942563409,ZORI_smoothed_notseasadj
"Dallas, TX",2023-09-30,1677.997999493913,ZORI_smoothed_notseasadj
"Dallas, TX",2023-10-31,1669.48501991169,ZORI_smoothed_notseasadj
"Dallas, TX",2023-11-30,1661.786420050529,ZORI_smoothed_notseasadj
"Dallas, TX",2023-12-31,1653.2103310723705,ZORI_smoothed_notseasadj
"Dallas, TX",2024-01-31,1649.6960338829972,ZORI_smoothed_notseasadj
"Dallas, TX",2024-02-29,1648.3892579800251,ZORI_smoothed_notseasadj
"Dallas, TX",2024-03-31,1652.0490274275683,ZORI_smoothed_notseasadj
"Dallas, TX",2024-04-30,1656.991282501262,ZORI_smoothed_notseasadj
"Dallas, TX",2024-05-31,1663.1540943073187,ZORI_smoothed_notseasadj
"Dallas, TX",2024-06-30,1669.238807361688,ZORI_smoothed_notseasadj
"Dallas, TX",2024-07-31,1672.9633379945108,ZORI_smoothed_notseasadj
"Dallas, TX",2024-08-31,1673.4198510861129,ZORI_smoothed_notseasadj
"Dallas, TX",2024-09-30,1668.0238460040962,ZORI_smoothed_notseasadj
"Dallas, TX",2024-10-31,1661.8016616808857,ZORI_smoothed_notseasadj
"Dallas, TX",2024-11-30,1652.7305888189649,ZORI_smoothed_notseasadj
"Dallas, TX",2024-12-31,1645.914671480331,ZORI_smoothed_notseasadj
"Dallas, TX",2025-01-31,1643.4379286679384,ZORI_smoothed_notseasadj
"Dallas, TX",2025-02-28,1648.4127075934236,ZORI_smoothed_notseasadj
"Dallas, TX",2025-03-31,1658.7725646601784,ZORI_smoothed_notseasadj
"Dallas, TX",2025-04-30,1668.11359604338,ZORI_smoothed_notseasadj
"Dallas, TX",2025-05-31,1672.572163353778,ZORI_smoothed_notseasadj
"Dallas, TX",2025-06-30,1673.4324571489567,ZORI_smoothed_notseasadj
"Dallas, TX",2025-07-31,1671.5853756083498,ZORI_smoothed_notseasadj
"Dallas, TX",2025-08-31,1669.56598578278,ZORI_smoothed_notseasadj
"Dallas, TX",2025-09-30,1665.834419701304,ZORI_smoothed_notseasadj
"Dallas, TX",2025-10-31,1660.740577498562,ZORI_smoothed_notseasadj
"Dallas, TX",2025-11-30,1654.4988361315193,ZORI_smoothed_notseasadj
"Dallas, TX",2025-12-31,1648.6216951719416,ZORI_smoothed_notseasadj
"Dallas, TX",2026-01-31,1646.045194706978,ZORI_smoothed_notseasadj
"Dallas, TX",2026-02-28,1649.2846709728433,ZORI_smoothed_notseasadj
"Dallas, TX",2026-03-31,1656.3722582027656,ZORI_smoothed_notseasadj
"Dallas, TX",2026-04-30,1665.6087622996329,ZORI_smoothed_notseasadj
"Dallas, TX",2026-05-31,1670.3783577905212,ZORI_smoothed_notseasadj
"Dallas, TX",2026-06-30,1673.4478800926252,ZORI_smoothed_notseasadj
"Houston, TX",2015-01-31,1206.2560637546965,ZORI_smoothed_notseasadj
"Houston, TX",2015-02-28,1209.6315663361274,ZORI_smoothed_notseasadj
"Houston, TX",2015-03-31,1215.966052939152,ZORI_smoothed_notseasadj
"Houston, TX",2015-04-30,1227.186073201367,ZORI_smoothed_notseasadj
"Houston, TX",2015-05-31,1236.679012928859,ZORI_smoothed_notseasadj
"Houston, TX",2015-06-30,1245.3791758443292,ZORI_smoothed_notseasadj
"Houston, TX",2015-07-31,1246.6508391751695,ZORI_smoothed_notseasadj
"Houston, TX",2015-08-31,1247.796075718016,ZORI_smoothed_notseasadj
"Houston, TX",2015-09-30,1245.3493656838298,ZORI_smoothed_notseasadj
"Houston, TX",2015-10-31,1242.2638273431248,ZORI_smoothed_notseasadj
"Houston, TX",2015-11-30,1238.4386252741585,ZORI_smoothed_notseasadj
"Houston, TX",2015-12-31,1235.3123015491597,ZORI_smoothed_notseasadj
"Houston, TX",2016-01-31,1235.772802888133,ZORI_smoothed_notseasadj
"Houston, TX",2016-02-29,1237.3926182361176,ZORI_smoothed_notseasadj
"Houston, TX",2016-03-31,1242.7439834434845,ZORI_smoothed_notseasadj
"Houston, TX",2016-04-30,1247.4668901515704,ZORI_smoothed_notseasadj
"Houston, TX",2016-05-31,1251.3165505918234,ZORI_smoothed_notseasadj
"Houston, TX",2016-06-30,1253.1238485738832,ZORI_smoothed_notseasadj
"Houston, TX",2016-07-31,1252.1521776174952,ZORI_smoothed_notseasadj
"Houston, TX",2016-08-31,1249.3550184363203,ZORI_smoothed_notseasadj
"Houston, TX",2016-09-30,1243.5487147302133,ZORI_smoothed_notseasadj
"Houston, TX",2016-10-31,1239.5359164059003,ZORI_smoothed_notseasadj
"Houston, TX",2016-11-30,1233.8034025731502,ZORI_smoothed_notseasadj
"Houston, TX",2016-12-31,1231.9418128276118,ZORI_smoothed_notseasadj
"Houston, TX",2017-01-31,1232.7073658066183,ZORI_smoothed_notseasadj
"Houston, TX",2017-02-28,1240.5919818842483,ZORI_smoothed_notseasadj
"Houston, TX",2017-03-31,1248.8777532321583,ZORI_smoothed_notseasadj
"Houston, TX",2017-04-30,1254.5315285504419,ZORI_smoothed_notseasadj
"Houston, TX",2017-05-31,1262.3820316296005,ZORI_smoothed_notseasadj
"Houston, TX",2017-06-30,1263.9671243847392,ZORI_smoothed_notseasadj
"Houston, TX",2017-07-31,1264.0018990840442,ZORI_smoothed_notseasadj
"Houston, TX",2017-08-31,1258.8011280470018,ZORI_smoothed_notseasadj
"Houston, TX",2017-09-30,1265.7580865596353,ZORI_smoothed_notseasadj
"Houston, TX",2017-10-31,1273.6686450487634,ZORI_smoothed_notseasadj
"Houston, TX",2017-11-30,1284.1907104562074,ZORI_smoothed_notseasadj
"Houston, TX",2017-12-31,1289.084478519974,ZORI_smoothed_notseasadj
"Houston, TX",2018-01-31,1292.2739938107516,ZORI_smoothed_notseasadj
"Houston, TX",2018-02-28,1298.7062933827442,ZORI_smoothed_notseasadj
"Houston, TX",2018-03-31,1301.0455237104936,ZORI_smoothed_notseasadj
"Houston, TX",2018-04-30,1308.1117651494683,ZORI_smoothed_notseasadj
"Houston, TX",2018-05-31,1310.211113344244,ZORI_smoothed_notseasadj
"Houston, TX",2018-06-30,1315.0140428088712,ZORI_smoothed_notseasadj
"Houston, TX",2018-07-31,1314.8013909797387,ZORI_smoothed_notseasadj
"Houston, TX",2018-08-31,1313.0698941885805,ZORI_smoothed_notseasadj
"Houston, TX",2018-09-30,1309.743227698499,ZORI_smoothed_notseasadj
"Houston, TX",2018-10-31,1309.824579744582,ZORI_smoothed_notseasadj
"Houston, TX",2018-11-30,1312.3396728301548,ZORI_smoothed_notseasadj
"Houston, TX",2018-12-31,1311.7691114248782,ZORI_smoothed_notseasadj
"Houston, TX",2019-01-31,1312.2579348810386,ZORI_smoothed_notseasadj
"Houston, TX",2019-02-28,1310.7609758591695,ZORI_smoothed_notseasadj
"Houston, TX",2019-03-31,1317.6185735355996,ZORI_smoothed_notseasadj
"Houston, TX",2019-04-30,1322.91614232306,ZORI_smoothed_notseasadj
"Houston, TX",2019-05-31,1331.6637175029032,ZORI_smoothed_notseasadj
"Houston, TX",2019-06-30,1337.3262218935213,ZORI_smoothed_notseasadj
"Houston, TX",2019-07-31,1340.9551646388952,ZORI_smoothed_notseasadj
"Houston, TX",2019-08-31,1340.2508486749575,ZORI_smoothed_notseasadj
"Houston, TX",2019-09-30,1337.1262910742444,ZORI_smoothed_notseasadj
"Houston, TX",2019-10-31,1335.7668309637468,ZORI_smoothed_notseasadj
"Houston, TX",2019-11-30,1335.550631810753,ZORI_smoothed_notseasadj
"Houston, TX",2019-12-31,1338.7836972620973,ZORI_smoothed_notseasadj
"Houston, TX",2020-01-31,1341.925020134586,ZORI_smoothed_notseasadj
"Houston, TX",2020-02-29,1347.5264314224992,ZORI_smoothed_notseasadj
"Houston, TX",2020-03-31,1352.9019274664518,ZORI_smoothed_notseasadj
"Houston, TX",2020-04-30,1349.9019963273524,ZORI_smoothed_notseasadj
"Houston, TX",2020-05-31,1344.5760453409973,ZORI_smoothed_notseasadj
"Houston, TX",2020-06-30,1340.7378876313733,ZORI_smoothed_notseasadj
"Houston, TX",2020-07-31,1345.413805574686,ZORI_smoothed_notseasadj
"Houston, TX",2020-08-31,1350.5930672553818,ZORI_smoothed_notseasadj
"Houston, TX",2020-09-30,1350.528434149648,ZORI_smoothed_notseasadj
"Houston, TX",2020-10-31,1351.8240743709857,ZORI_smoothed_notseasadj
"Houston, TX",2020-11-30,1352.9772761304307,ZORI_smoothed_notseasadj
"Houston, TX",2020-12-31,1353.7810267949624,ZORI_smoothed_notseasadj
"Houston, TX",2021-01-31,1358.6477238425962,ZORI_smoothed_notseasadj
"Houston, TX",2021-02-28,1361.5590816030397,ZORI_smoothed_notseasadj
"Houston, TX",2021-03-31,1371.2971309483742,ZORI_smoothed_notseasadj
"Houston, TX",2021-04-30,1383.4865916636174,ZORI_smoothed_notseasadj
"Houston, TX",2021-05-31,1404.39085280609,ZORI_smoothed_notseasadj
"Houston, TX",2021-06-30,1430.9917384426642,ZORI_smoothed_notseasadj
"Houston, TX",2021-07-31,1455.8145474978894,ZORI_smoothed_notseasadj
"Houston, TX",2021-08-31,1478.6068986029254,ZORI_smoothed_notseasadj
"Houston, TX",2021-09-30,1491.0258279137358,ZORI_smoothed_notseasadj
"Houston, TX",2021-10-31,1497.7798752926572,ZORI_smoothed_notseasadj
"Houston, TX",2021-11-30,1500.3357025776806,ZORI_smoothed_notseasadj
"Houston, TX",2021-12-31,1504.366191702613,ZORI_smoothed_notseasadj
"Houston, TX",2022-01-31,1509.847956736043,ZORI_smoothed_notseasadj
"Houston, TX",2022-02-28,1520.5388568426172,ZORI_smoothed_notseasadj
"Houston, TX",2022-03-31,1530.8279865385143,ZORI_smoothed_notseasadj
"Houston, TX",2022-04-30,1544.9866758403066,ZORI_smoothed_notseasadj
"Houston, TX",2022-05-31,1556.6253139838564,ZORI_smoothed_notseasadj
"Houston, TX",2022-06-30,1572.3320708659544,ZORI_smoothed_notseasadj
"Houston, TX",2022-07-31,1583.5160566878264,ZORI_smoothed_notseasadj
"Houston, TX",2022-08-31,1590.079018452998,ZORI_smoothed_notseasadj
"Houston, TX",2022-09-30,1586.9136409757944,ZORI_smoothed_notseasadj
"Houston, TX",2022-10-31,1580.7645909509392,ZORI_smoothed_notseasadj
"Houston, TX",2022-11-30,1572.1866578329837,ZORI_smoothed_notseasadj
"Houston, TX",2022-12-31,1570.0545626365729,ZORI_smoothed_notseasadj
"Houston, TX",2023-01-31,1571.9480372492876,ZORI_smoothed_notseasadj
"Houston, TX",2023-02-28,1580.4336736903717,ZORI_smoothed_notseasadj
"Houston, TX",2023-03-31,1592.1268040519183,ZORI_smoothed_notseasadj
"Houston, TX",2023-04-30,1598.91892645014,ZORI_smoothed_notseasadj
"Houston, TX",2023-05-31,1607.6499338654105,ZORI_smoothed_notseasadj
"Houston, TX",2023-06-30,1614.2551989273072,ZORI_smoothed_notseasadj
"Houston, TX",2023-07-31,1621.074870946101,ZORI_smoothed_notseasadj
"Houston, TX",2023-08-31,1622.4073716993644,ZORI_smoothed_notseasadj
"Houston, TX",2023-09-30,1617.5226095695411,ZORI_smoothed_notseasadj
"Houston, TX",2023-10-31,1611.8524583518958,ZORI_smoothed_notseasadj
"Houston, TX",2023-11-30,1606.069067902557,ZORI_smoothed_notseasadj
"Houston, TX",2023-12-31,1604.1962304775318,ZORI_smoothed_notseasadj
"Houston, TX",2024-01-31,1605.5286479495537,ZORI_smoothed_notseasadj
"Houston, TX",2024-02-29,1609.6823630959316,ZORI_smoothed_notseasadj
"Houston, TX",2024-03-31,1613.5500875205857,ZORI_smoothed_notseasadj
"Houston, TX",2024-04-30,1621.0643922316747,ZORI_smoothed_notseasadj
"Houston, TX",2024-05-31,1629.0932124597614,ZORI_smoothed_notseasadj
"Houston, TX",2024-06-30,1637.6416308172372,ZORI_smoothed_notseasadj
"Houston, TX",2024-07-31,1642.1777297105864,ZORI_smoothed_notseasadj
"Houston, TX",2024-08-31,1645.3696890702054,ZORI_smoothed_notseasadj
"Houston, TX",2024-09-30,1646.0634083526932,ZORI_smoothed_notseasadj
"Houston, TX",2024-10-31,1643.5629729269547,ZORI_smoothed_notseasadj
"Houston, TX",2024-11-30,1638.1664484726468,ZORI_smoothed_notseasadj
"Houston, TX",2024-12-31,1634.3442045062393,ZORI_smoothed_notseasadj
"Houston, TX",2025-01-31,1633.9860816270054,ZORI_smoothed_notseasadj
"Houston, TX",2025-02-28,1638.1698565130835,ZORI_smoothed_notseasadj
"Houston, TX",2025-03-31,1645.9018571777865,ZORI_smoothed_notseasadj
"Houston, TX",2025-04-30,1651.0878992106745,ZORI_smoothed_notseasadj
"Houston, TX",2025-05-31,1653.6752941713628,ZORI_smoothed_notseasadj
"Houston, TX",2025-06-30,1648.8152383345123,ZORI_smoothed_notseasadj
"Houston, TX",2025-07-31,1650.3932464002296,ZORI_smoothed_notseasadj
"Houston, TX",2025-08-31,1649.7132394804194,ZORI_smoothed_notseasadj
"Houston, TX",2025-09-30,1651.309856048866,ZORI_smoothed_notseasadj
"Houston, TX",2025-10-31,1646.0497654367155,ZORI_smoothed_notseasadj
"Houston, TX",2025-11-30,1639.798621274354,ZORI_smoothed_notseasadj
"Houston, TX",2025-12-31,1635.1540781448662,ZORI_smoothed_notseasadj
"Houston, TX",2026-01-31,1632.57510866693,ZORI_smoothed_notseasadj
"Houston, TX",2026-02-28,1630.7783469420328,ZORI_smoothed_notseasadj
"Houston, TX",2026-03-31,1631.5534314036045,ZORI_smoothed_notseasadj
"Houston, TX",2026-04-30,1635.9728140111267,ZORI_smoothed_notseasadj
"Houston, TX",2026-05-31,1643.1480132239174,ZORI_smoothed_notseasadj
"Houston, TX",2026-06-30,1647.9509395365067,ZORI_smoothed_notseasadj
"Nashville, TN",2015-01-31,1120.0027696591198,ZORI_smoothed_notseasadj
"Nashville, TN",2015-02-28,1125.7105234502533,ZORI_smoothed_notseasadj
"Nashville, TN",2015-03-31,1139.9729471847975,ZORI_smoothed_notseasadj
"Nashville, TN",2015-04-30,1145.0666498654039,ZORI_smoothed_notseasadj
"Nashville, TN",2015-05-31,1158.4989052275203,ZORI_smoothed_notseasadj
"Nashville, TN",2015-06-30,1167.931983667763,ZORI_smoothed_notseasadj
"Nashville, TN",2015-07-31,1179.6181493968027,ZORI_smoothed_notseasadj
"Nashville, TN",2015-08-31,1183.203881315105,ZORI_smoothed_notseasadj
"Nashville, TN",2015-09-30,1181.8883441689647,ZORI_smoothed_notseasadj
"Nashville, TN",2015-10-31,1182.1995502826276,ZORI_smoothed_notseasadj
"Nashville, TN",2015-11-30,1175.5831068373375,ZORI_smoothed_notseasadj
"Nashville, TN",2015-12-31,1177.3521522636936,ZORI_smoothed_notseasadj
"Nashville, TN",2016-01-31,1185.3755453745707,ZORI_smoothed_notseasadj
"Nashville, TN",2016-02-29,1197.3279533561642,ZORI_smoothed_notseasadj
"Nashville, TN",2016-03-31,1207.3718341885533,ZORI_smoothed_notseasadj
"Nashville, TN",2016-04-30,1209.4760370916795,ZORI_smoothed_notseasadj
"Nashville, TN",2016-05-31,1220.8809877144229,ZORI_smoothed_notseasadj
"Nashville, TN",2016-06-30,1231.98049038234,ZORI_smoothed_notseasadj
"Nashville, TN",2016-07-31,1239.0818724509693,ZORI_smoothed_notseasadj
"Nashville, TN",2016-08-31,1244.6920025953707,ZORI_smoothed_notseasadj
"Nashville, TN",2016-09-30,1242.453758377364,ZORI_smoothed_notseasadj
"Nashville, TN",2016-10-31,1240.4641376817274,ZORI_smoothed_notseasadj
"Nashville, TN",2016-11-30,1229.9174249218313,ZORI_smoothed_notseasadj
"Nashville, TN",2016-12-31,1229.4803992132915,ZORI_smoothed_notseasadj
"Nashville, TN",2017-01-31,1236.9891817147416,ZORI_smoothed_notseasadj
"Nashville, TN",2017-02-28,1250.318211959506,ZORI_smoothed_notseasadj
"Nashville, TN",2017-03-31,1266.1345741947064,ZORI_smoothed_notseasadj
"Nashville, TN",2017-04-30,1275.9865849263056,ZORI_smoothed_notseasadj
"Nashville, TN",2017-05-31,1285.9366174214233,ZORI_smoothed_notseasadj
"Nashville, TN",2017-06-30,1287.028225220153,ZORI_smoothed_notseasadj
"Nashville, TN",2017-07-31,1291.7817311122724,ZORI_smoothed_notseasadj
"Nashville, TN",2017-08-31,1295.2004848402498,ZORI_smoothed_notseasadj
"Nashville, TN",2017-09-30,1295.2905929455467,ZORI_smoothed_notseasadj
"Nashville, TN",2017-10-31,1287.917259189081,ZORI_smoothed_notseasadj
"Nashville, TN",2017-11-30,1278.3286205537577,ZORI_smoothed_notseasadj
"Nashville, TN",2017-12-31,1275.8993051990906,ZORI_smoothed_notseasadj
"Nashville, TN",2018-01-31,1285.440979531245,ZORI_smoothed_notseasadj
"Nashville, TN",2018-02-28,1294.643199579855,ZORI_smoothed_notseasadj
"Nashville, TN",2018-03-31,1302.281402250582,ZORI_smoothed_notseasadj
"Nashville, TN",2018-04-30,1306.7815276604063,ZORI_smoothed_notseasadj
"Nashville, TN",2018-05-31,1315.5289563816636,ZORI_smoothed_notseasadj
"Nashville, TN",2018-06-30,1325.3557160292073,ZORI_smoothed_notseasadj
"Nashville, TN",2018-07-31,1328.534066365178,ZORI_smoothed_notseasadj
"Nashville, TN",2018-08-31,1330.129776802183,ZORI_smoothed_notseasadj
"Nashville, TN",2018-09-30,1323.4355313228627,ZORI_smoothed_notseasadj
"Nashville, TN",2018-10-31,1327.9749233777218,ZORI_smoothed_notseasadj
"Nashville, TN",2018-11-30,1322.361481740986,ZORI_smoothed_notseasadj
"Nashville, TN",2018-12-31,1324.8384308445882,ZORI_smoothed_notseasadj
"Nashville, TN",2019-01-31,1321.0050109181911,ZORI_smoothed_notseasadj
"Nashville, TN",2019-02-28,1327.7224476398503,ZORI_smoothed_notseasadj
"Nashville, TN",2019-03-31,1342.2493146300562,ZORI_smoothed_notseasadj
"Nashville, TN",2019-04-30,1354.3625800008483,ZORI_smoothed_notseasadj
"Nashville, TN",2019-05-31,1370.5808924052135,ZORI_smoothed_notseasadj
"Nashville, TN",2019-06-30,1375.8185642785409,ZORI_smoothed_notseasadj
"Nashville, TN",2019-07-31,1382.6987431501652,ZORI_smoothed_notseasadj
"Nashville, TN",2019-08-31,1382.6950046452603,ZORI_smoothed_notseasadj
"Nashville, TN",2019-09-30,1380.2888441279824,ZORI_smoothed_notseasadj
"Nashville, TN",2019-10-31,1372.6274193964098,ZORI_smoothed_notseasadj
"Nashville, TN",2019-11-30,1372.7419346510826,ZORI_smoothed_notseasadj
"Nashville, TN",2019-12-31,1376.3856473238643,ZORI_smoothed_notseasadj
"Nashville, TN",2020-01-31,1385.9205113562548,ZORI_smoothed_notseasadj
"Nashville, TN",2020-02-29,1390.9952920380347,ZORI_smoothed_notseasadj
"Nashville, TN",2020-03-31,1398.3397676754191,ZORI_smoothed_notseasadj
"Nashville, TN",2020-04-30,1402.4570538174069,ZORI_smoothed_notseasadj
"Nashville, TN",2020-05-31,1405.9648511160528,ZORI_smoothed_notseasadj
"Nashville, TN",2020-06-30,1408.4789118651017,ZORI_smoothed_notseasadj
"Nashville, TN",2020-07-31,1411.2112157709996,ZORI_smoothed_notseasadj
"Nashville, TN",2020-08-31,1416.6347594981323,ZORI_smoothed_notseasadj
"Nashville, TN",2020-09-30,1411.9299708157619,ZORI_smoothed_notseasadj
"Nashville, TN",2020-10-31,1411.7550642140864,ZORI_smoothed_notseasadj
"Nashville, TN",2020-11-30,1403.9372661117363,ZORI_smoothed_notseasadj
"Nashville, TN",2020-12-31,1407.1380842802935,ZORI_smoothed_notseasadj
"Nashville, TN",2021-01-31,1410.1362705796798,ZORI_smoothed_notseasadj
"Nashville, TN",2021-02-28,1422.2048841549367,ZORI_smoothed_notseasadj
"Nashville, TN",2021-03-31,1435.4690730714553,ZORI_smoothed_notseasadj
"Nashville, TN",2021-04-30,1456.377755257296,ZORI_smoothed_notseasadj
"Nashville, TN",2021-05-31,1485.0295120334176,ZORI_smoothed_notseasadj
"Nashville, TN",2021-06-30,1518.3265720411566,ZORI_smoothed_notseasadj
"Nashville, TN",2021-07-31,1555.37385700592,ZORI_smoothed_notseasadj
"Nashville, TN",2021-08-31,1590.1436105386758,ZORI_smoothed_notseasadj
"Nashville, TN",2021-09-30,1616.883808725373,ZORI_smoothed_notseasadj
"Nashville, TN",2021-10-31,1632.9544091545597,ZORI_smoothed_notseasadj
"Nashville, TN",2021-11-30,1637.7844496714915,ZORI_smoothed_notseasadj
"Nashville, TN",2021-12-31,1650.3412756742366,ZORI_smoothed_notseasadj
"Nashville, TN",2022-01-31,1659.8029993140644,ZORI_smoothed_notseasadj
"Nashville, TN",2022-02-28,1677.5538057769156,ZORI_smoothed_notseasadj
"Nashville, TN",2022-03-31,1692.071496013747,ZORI_smoothed_notseasadj
"Nashville, TN",2022-04-30,1711.6466304772878,ZORI_smoothed_notseasadj
"Nashville, TN",2022-05-31,1734.6539207680764,ZORI_smoothed_notseasadj
"Nashville, TN",2022-06-30,1758.7224662942745,ZORI_smoothed_notseasadj
"Nashville, TN",2022-07-31,1777.2337964297574,ZORI_smoothed_notseasadj
"Nashville, TN",2022-08-31,1780.1092683539225,ZORI_smoothed_notseasadj
"Nashville, TN",2022-09-30,1771.022619839976,ZORI_smoothed_notseasadj
"Nashville, TN",2022-10-31,1757.5230664275302,ZORI_smoothed_notseasadj
"Nashville, TN",2022-11-30,1750.693265054776,ZORI_smoothed_notseasadj
"Nashville, TN",2022-12-31,1745.8577059866723,ZORI_smoothed_notseasadj
"Nashville, TN",2023-01-31,1749.9528383235443,ZORI_smoothed_notseasadj
"Nashville, TN",2023-02-28,1754.251638137906,ZORI_smoothed_notseasadj
"Nashville, TN",2023-03-31,1767.505986092253,ZORI_smoothed_notseasadj
"Nashville, TN",2023-04-30,1773.7655357591707,ZORI_smoothed_notseasadj
"Nashville, TN",2023-05-31,1784.2921966757413,ZORI_smoothed_notseasadj
"Nashville, TN",2023-06-30,1787.309407073095,ZORI_smoothed_notseasadj
"Nashville, TN",2023-07-31,1790.7649920605406,ZORI_smoothed_notseasadj
"Nashville, TN",2023-08-31,1785.3732097203488,ZORI_smoothed_notseasadj
"Nashville, TN",2023-09-30,1778.4195574570094,ZORI_smoothed_notseasadj
"Nashville, TN",2023-10-31,1767.075163061644,ZORI_smoothed_notseasadj
"Nashville, TN",2023-11-30,1755.2639852743325,ZORI_smoothed_notseasadj
"Nashville, TN",2023-12-31,1746.5694822684,ZORI_smoothed_notseasadj
"Nashville, TN",2024-01-31,1748.7929724276053,ZORI_smoothed_notseasadj
"Nashville, TN",2024-02-29,1755.1922138564094,ZORI_smoothed_notseasadj
"Nashville, TN",2024-03-31,1767.4665947365613,ZORI_smoothed_notseasadj
"Nashville, TN",2024-04-30,1776.942135394799,ZORI_smoothed_notseasadj
"Nashville, TN",2024-05-31,1789.3248259596442,ZORI_smoothed_notseasadj
"Nashville, TN",2024-06-30,1797.4739084520857,ZORI_smoothed_notseasadj
"Nashville, TN",2024-07-31,1801.3355108850944,ZORI_smoothed_notseasadj
"Nashville, TN",2024-08-31,1799.9016253286363,ZORI_smoothed_notseasadj
"Nashville, TN",2024-09-30,1790.3402911870478,ZORI_smoothed_notseasadj
"Nashville, TN",2024-10-31,1780.293299066437,ZORI_smoothed_notseasadj
"Nashville, TN",2024-11-30,1770.7034127748918,ZORI_smoothed_notseasadj
"Nashville, TN",2024-12-31,1767.2756597893297,ZORI_smoothed_notseasadj
"Nashville, TN",2025-01-31,1765.9016434085988,ZORI_smoothed_notseasadj
"Nashville, TN",2025-02-28,1773.2866737378251,ZORI_smoothed_notseasadj
"Nashville, TN",2025-03-31,1782.6816175186607,ZORI_smoothed_notseasadj
"Nashville, TN",2025-04-30,1792.453803235094,ZORI_smoothed_notseasadj
"Nashville, TN",2025-05-31,1797.9298467733986,ZORI_smoothed_notseasadj
"Nashville, TN",2025-06-30,1803.0357156602347,ZORI_smoothed_notseasadj
"Nashville, TN",2025-07-31,1806.8129999083512,ZORI_smoothed_notseasadj
"Nashville, TN",2025-08-31,1806.3473391458474,ZORI_smoothed_notseasadj
"Nashville, TN",2025-09-30,1801.8186564876687,ZORI_smoothed_notseasadj
"Nashville, TN",2025-10-31,1795.9108168208322,ZORI_smoothed_notseasadj
"Nashville, TN",2025-11-30,1784.2255236929877,ZORI_smoothed_notseasadj
"Nashville, TN",2025-12-31,1776.3093377572613,ZORI_smoothed_notseasadj
"Nashville, TN",2026-01-31,1773.5939092076765,ZORI_smoothed_notseasadj
"Nashville, TN",2026-02-28,1776.9469578998626,ZORI_smoothed_notseasadj
"Nashville, TN",2026-03-31,1781.0871583309843,ZORI_smoothed_notseasadj
"Nashville, TN",2026-04-30,1789.368260705967,ZORI_smoothed_notseasadj
"Nashville, TN",2026-05-31,1800.217713653493,ZORI_smoothed_notseasadj
"Nashville, TN",2026-06-30,1810.4521637115122,ZORI_smoothed_notseasadj
"San Antonio, TX",2015-01-31,1025.6752744054204,ZORI_smoothed_notseasadj
"San Antonio, TX",2015-02-28,1029.1433728624281,ZORI_smoothed_notseasadj
"San Antonio, TX",2015-03-31,1035.2875593776255,ZORI_smoothed_notseasadj
"San Antonio, TX",2015-04-30,1043.5364821101382,ZORI_smoothed_notseasadj
"San Antonio, TX",2015-05-31,1052.6258750623945,ZORI_smoothed_notseasadj
"San Antonio, TX",2015-06-30,1059.8895847257431,ZORI_smoothed_notseasadj
"San Antonio, TX",2015-07-31,1061.472215509463,ZORI_smoothed_notseasadj
"San Antonio, TX",2015-08-31,1059.7352535127811,ZORI_smoothed_notseasadj
"San Antonio, TX",2015-09-30,1058.077547962656,ZORI_smoothed_notseasadj
"San Antonio, TX",2015-10-31,1061.6412816642119,ZORI_smoothed_notseasadj
"San Antonio, TX",2015-11-30,1063.6712693786058,ZORI_smoothed_notseasadj
"San Antonio, TX",2015-12-31,1065.29245262248,ZORI_smoothed_notseasadj
"San Antonio, TX",2016-01-31,1065.198615758736,ZORI_smoothed_notseasadj
"San Antonio, TX",2016-02-29,1068.335968266728,ZORI_smoothed_notseasadj
"San Antonio, TX",2016-03-31,1074.3898162243686,ZORI_smoothed_notseasadj
"San Antonio, TX",2016-04-30,1082.3383636026072,ZORI_smoothed_notseasadj
"San Antonio, TX",2016-05-31,1088.9602801281283,ZORI_smoothed_notseasadj
"San Antonio, TX",2016-06-30,1094.637107902366,ZORI_smoothed_notseasadj
"San Antonio, TX",2016-07-31,1096.8439825223768,ZORI_smoothed_notseasadj
"San Antonio, TX",2016-08-31,1099.1469093458081,ZORI_smoothed_notseasadj
"San Antonio, TX",2016-09-30,1099.4592480662018,ZORI_smoothed_notseasadj
"San Antonio, TX",2016-10-31,1098.992973158887,ZORI_smoothed_notseasadj
"San Antonio, TX",2016-11-30,1100.6253288293772,ZORI_smoothed_notseasadj
"San Antonio, TX",2016-12-31,1102.619321907614,ZORI_smoothed_notseasadj
"San Antonio, TX",2017-01-31,1107.3441599357784,ZORI_smoothed_notseasadj
"San Antonio, TX",2017-02-28,1111.575335651168,ZORI_smoothed_notseasadj
"San Antonio, TX",2017-03-31,1117.900379830968,ZORI_smoothed_notseasadj
"San Antonio, TX",2017-04-30,1125.0858717304698,ZORI_smoothed_notseasadj
"San Antonio, TX",2017-05-31,1131.0551543564934,ZORI_smoothed_notseasadj
"San Antonio, TX",2017-06-30,1138.0591839835126,ZORI_smoothed_notseasadj
"San Antonio, TX",2017-07-31,1141.0327077991205,ZORI_smoothed_notseasadj
"San Antonio, TX",2017-08-31,1139.4321919159,ZORI_smoothed_notseasadj
"San Antonio, TX",2017-09-30,1136.712879352604,ZORI_smoothed_notseasadj
"San Antonio, TX",2017-10-31,1133.4675037796012,ZORI_smoothed_notseasadj
"San Antonio, TX",2017-11-30,1131.8239110293614,ZORI_smoothed_notseasadj
"San Antonio, TX",2017-12-31,1131.1151812551382,ZORI_smoothed_notseasadj
"San Antonio, TX",2018-01-31,1132.3662292323108,ZORI_smoothed_notseasadj
"San Antonio, TX",2018-02-28,1139.2325627353498,ZORI_smoothed_notseasadj
"San Antonio, TX",2018-03-31,1145.7719588999,ZORI_smoothed_notseasadj
"San Antonio, TX",2018-04-30,1151.251744844494,ZORI_smoothed_notseasadj
"San Antonio, TX",2018-05-31,1153.9291498055404,ZORI_smoothed_notseasadj
"San Antonio, TX",2018-06-30,1158.0255691364548,ZORI_smoothed_notseasadj
"San Antonio, TX",2018-07-31,1163.1899065325822,ZORI_smoothed_notseasadj
"San Antonio, TX",2018-08-31,1168.1738586163237,ZORI_smoothed_notseasadj
"San Antonio, TX",2018-09-30,1168.8908100329984,ZORI_smoothed_notseasadj
"San Antonio, TX",2018-10-31,1168.702329249614,ZORI_smoothed_notseasadj
"San Antonio, TX",2018-11-30,1166.350803791535,ZORI_smoothed_notseasadj
"San Antonio, TX",2018-12-31,1164.8127008698668,ZORI_smoothed_notseasadj
"San Antonio, TX",2019-01-31,1164.8526302625626,ZORI_smoothed_notseasadj
"San Antonio, TX",2019-02-28,1168.2473676983966,ZORI_smoothed_notseasadj
"San Antonio, TX",2019-03-31,1174.867108229275,ZORI_smoothed_notseasadj
"San Antonio, TX",2019-04-30,1182.340439195524,ZORI_smoothed_notseasadj
"San Antonio, TX",2019-05-31,1188.6062237257022,ZORI_smoothed_notseasadj
"San Antonio, TX",2019-06-30,1194.733118127368,ZORI_smoothed_notseasadj
"San Antonio, TX",2019-07-31,1198.486605702334,ZORI_smoothed_notseasadj
"San Antonio, TX",2019-08-31,1203.4065944771255,ZORI_smoothed_notseasadj
"San Antonio, TX",2019-09-30,1203.6751327522848,ZORI_smoothed_notseasadj
"San Antonio, TX",2019-10-31,1203.58011417556,ZORI_smoothed_notseasadj
"San Antonio, TX",2019-11-30,1198.6985026675793,ZORI_smoothed_notseasadj
"San Antonio, TX",2019-12-31,1198.927636960214,ZORI_smoothed_notseasadj
"San Antonio, TX",2020-01-31,1198.6764921501863,ZORI_smoothed_notseasadj
"San Antonio, TX",2020-02-29,1206.091093331276,ZORI_smoothed_notseasadj
"San Antonio, TX",2020-03-31,1210.1811403551842,ZORI_smoothed_notseasadj
"San Antonio, TX",2020-04-30,1212.0995295464725,ZORI_smoothed_notseasadj
"San Antonio, TX",2020-05-31,1209.152354719815,ZORI_smoothed_notseasadj
"San Antonio, TX",2020-06-30,1209.9219376461615,ZORI_smoothed_notseasadj
"San Antonio, TX",2020-07-31,1217.626851650572,ZORI_smoothed_notseasadj
"San Antonio, TX",2020-08-31,1223.6240021503904,ZORI_smoothed_notseasadj
"San Antonio, TX",2020-09-30,1226.7965619543918,ZORI_smoothed_notseasadj
"San Antonio, TX",2020-10-31,1225.3378632867943,ZORI_smoothed_notseasadj
"San Antonio, TX",2020-11-30,1225.9086970192634,ZORI_smoothed_notseasadj
"San Antonio, TX",2020-12-31,1229.7609405513688,ZORI_smoothed_notseasadj
"San Antonio, TX",2021-01-31,1233.9903386858534,ZORI_smoothed_notseasadj
"San Antonio, TX",2021-02-28,1239.8928111794191,ZORI_smoothed_notseasadj
"San Antonio, TX",2021-03-31,1248.3632986417085,ZORI_smoothed_notseasadj
"San Antonio, TX",2021-04-30,1262.4670267522158,ZORI_smoothed_notseasadj
"San Antonio, TX",2021-05-31,1280.88058249609,ZORI_smoothed_notseasadj
"San Antonio, TX",2021-06-30,1302.641532659573,ZORI_smoothed_notseasadj
"San Antonio, TX",2021-07-31,1327.4691785006387,ZORI_smoothed_notseasadj
"San Antonio, TX",2021-08-31,1352.6369864841179,ZORI_smoothed_notseasadj
"San Antonio, TX",2021-09-30,1372.1291835885902,ZORI_smoothed_notseasadj
"San Antonio, TX",2021-10-31,1382.2638007995922,ZORI_smoothed_notseasadj
"San Antonio, TX",2021-11-30,1387.4122119322096,ZORI_smoothed_notseasadj
"San Antonio, TX",2021-12-31,1393.0398762053926,ZORI_smoothed_notseasadj
"San Antonio, TX",2022-01-31,1399.5168955195452,ZORI_smoothed_notseasadj
"San Antonio, TX",2022-02-28,1410.8467502200556,ZORI_smoothed_notseasadj
"San Antonio, TX",2022-03-31,1423.3501776646133,ZORI_smoothed_notseasadj
"San Antonio, TX",2022-04-30,1436.095653688365,ZORI_smoothed_notseasadj
"San Antonio, TX",2022-05-31,1447.109953207072,ZORI_smoothed_notseasadj
"San Antonio, TX",2022-06-30,1456.158881491265,ZORI_smoothed_notseasadj
"San Antonio, TX",2022-07-31,1469.6580859211938,ZORI_smoothed_notseasadj
"San Antonio, TX",2022-08-31,1474.5668750918894,ZORI_smoothed_notseasadj
"San Antonio, TX",2022-09-30,1470.9970202090922,ZORI_smoothed_notseasadj
"San Antonio, TX",2022-10-31,1458.6820889122255,ZORI_smoothed_notseasadj
"San Antonio, TX",2022-11-30,1450.2350921827185,ZORI_smoothed_notseasadj
"San Antonio, TX",2022-12-31,1446.6912133627904,ZORI_smoothed_notseasadj
"San Antonio, TX",2023-01-31,1451.2818942379254,ZORI_smoothed_notseasadj
"San Antonio, TX",2023-02-28,1454.3746773848786,ZORI_smoothed_notseasadj
"San Antonio, TX",2023-03-31,1465.5863022900353,ZORI_smoothed_notseasadj
"San Antonio, TX",2023-04-30,1468.4630913781384,ZORI_smoothed_notseasadj
"San Antonio, TX",2023-05-31,1473.6896294442886,ZORI_smoothed_notseasadj
"San Antonio, TX",2023-06-30,1469.1297101224038,ZORI_smoothed_notseasadj
"San Antonio, TX",2023-07-31,1467.1223082531405,ZORI_smoothed_notseasadj
"San Antonio, TX",2023-08-31,1463.4513480990681,ZORI_smoothed_notseasadj
"San Antonio, TX",2023-09-30,1458.8998054464582,ZORI_smoothed_notseasadj
"San Antonio, TX",2023-10-31,1451.480357632323,ZORI_smoothed_notseasadj
"San Antonio, TX",2023-11-30,1445.3047947088255,ZORI_smoothed_notseasadj
"San Antonio, TX",2023-12-31,1439.6238377762122,ZORI_smoothed_notseasadj
"San Antonio, TX",2024-01-31,1438.6779183076694,ZORI_smoothed_notseasadj
"San Antonio, TX",2024-02-29,1439.11831032749,ZORI_smoothed_notseasadj
"San Antonio, TX",2024-03-31,1444.3988403522064,ZORI_smoothed_notseasadj
"San Antonio, TX",2024-04-30,1450.4054724534024,ZORI_smoothed_notseasadj
"San Antonio, TX",2024-05-31,1454.7261205296516,ZORI_smoothed_notseasadj
"San Antonio, TX",2024-06-30,1457.3746059767964,ZORI_smoothed_notseasadj
"San Antonio, TX",2024-07-31,1458.5030702881486,ZORI_smoothed_notseasadj
"San Antonio, TX",2024-08-31,1458.6341397288086,ZORI_smoothed_notseasadj
"San Antonio, TX",2024-09-30,1452.3259110522881,ZORI_smoothed_notseasadj
"San Antonio, TX",2024-10-31,1438.1976209385057,ZORI_smoothed_notseasadj
"San Antonio, TX",2024-11-30,1426.056192104231,ZORI_smoothed_notseasadj
"San Antonio, TX",2024-12-31,1419.7207047636803,ZORI_smoothed_notseasadj
"San Antonio, TX",2025-01-31,1423.6553116378527,ZORI_smoothed_notseasadj
"San Antonio, TX",2025-02-28,1429.9445306092543,ZORI_smoothed_notseasadj
"San Antonio, TX",2025-03-31,1436.9588978608845,ZORI_smoothed_notseasadj
"San Antonio, TX",2025-04-30,1440.744721004224,ZORI_smoothed_notseasadj
"San Antonio, TX",2025-05-31,1442.6729694448668,ZORI_smoothed_notseasadj
"San Antonio, TX",2025-06-30,1442.4238011371533,ZORI_smoothed_notseasadj
"San Antonio, TX",2025-07-31,1444.1669801871622,ZORI_smoothed_notseasadj
"San Antonio, TX",2025-08-31,1440.2610861327967,ZORI_smoothed_notseasadj
"San Antonio, TX",2025-09-30,1433.8358406377465,ZORI_smoothed_notseasadj
"San Antonio, TX",2025-10-31,1423.2631206744757,ZORI_smoothed_notseasadj
"San Antonio, TX",2025-11-30,1414.6597548970028,ZORI_smoothed_notseasadj
"San Antonio, TX",2025-12-31,1405.2567324779175,ZORI_smoothed_notseasadj
"San Antonio, TX",2026-01-31,1404.4049962167257,ZORI_smoothed_notseasadj
"San Antonio, TX",2026-02-28,1406.253062200619,ZORI_smoothed_notseasadj
"San Antonio, TX",2026-03-31,1414.1134719022853,ZORI_smoothed_notseasadj
"San Antonio, TX",2026-04-30,1416.2108345518043,ZORI_smoothed_notseasadj
"San Antonio, TX",2026-05-31,1416.606847182196,ZORI_smoothed_notseasadj
"San Antonio, TX",2026-06-30,1415.814536761187,ZORI_smoothed_notseasadj
