year,geography,industry_code,industry_title,disclosure_code,annual_avg_estabs,annual_avg_emplvl,avg_annual_pay,cpi,cpi_imputed,defl,avg_annual_pay_real
2001,US_national,7115,"Independent artists, writers, and performers",,14332,37046,98205,177.0666666666666,0,1.819387236445784,178672.9235551582
2001,Travis_County,71113,Musical groups and artists,,39,320,27142,177.0666666666666,0,1.819387236445784,49381.80837161146
2001,Austin_RoundRock_MSA,7115,"Independent artists, writers, and performers",N,0,,,177.0666666666666,0,1.819387236445784,
2001,TX_state,71113,Musical groups and artists,,230,2163,38860,177.0666666666666,0,1.819387236445784,70701.38800828316
2001,Austin_RoundRock_MSA,71113,Musical groups and artists,N,0,,,177.0666666666666,0,1.819387236445784,
2001,TX_state,7115,"Independent artists, writers, and performers",,370,1349,40489,177.0666666666666,0,1.819387236445784,73665.16981645333
2001,Travis_County,7115,"Independent artists, writers, and performers",,44,167,61843,177.0666666666666,0,1.819387236445784,112516.3648635166
2001,US_national,71113,Musical groups and artists,,5961,45459,37761,177.0666666666666,0,1.819387236445784,68701.88143542924
2002,TX_state,7115,"Independent artists, writers, and performers",,413,1511,41239,179.875,0,1.790981700254807,73858.29433680797
2002,US_national,71113,Musical groups and artists,,5814,44081,36989,179.875,0,1.790981700254807,66246.62211072505
2002,US_national,7115,"Independent artists, writers, and performers",,15697,40223,100026,179.875,0,1.790981700254807,179144.7355496873
2002,Travis_County,7115,"Independent artists, writers, and performers",,46,162,88620,179.875,0,1.790981700254807,158716.798276581
2002,Austin_RoundRock_MSA,7115,"Independent artists, writers, and performers",N,0,,,179.875,0,1.790981700254807,
2002,TX_state,71113,Musical groups and artists,,218,2118,39698,179.875,0,1.790981700254807,71098.39153671532
2002,Travis_County,71113,Musical groups and artists,,39,284,32348,179.875,0,1.790981700254807,57934.67603984249
2002,Austin_RoundRock_MSA,71113,Musical groups and artists,N,0,,,179.875,0,1.790981700254807,
2003,US_national,7115,"Independent artists, writers, and performers",,16896,44041,96537,183.9583333333333,0,1.75122718006795,169058.2182822197
2003,Austin_RoundRock_MSA,71113,Musical groups and artists,N,0,,,183.9583333333333,0,1.75122718006795,
2003,US_national,71113,Musical groups and artists,,5634,42029,45855,183.9583333333333,0,1.75122718006795,80302.52234201587
2003,Travis_County,7115,"Independent artists, writers, and performers",,50,165,31083,183.9583333333333,0,1.75122718006795,54433.39443805211
2003,TX_state,7115,"Independent artists, writers, and performers",,418,1544,35411,183.9583333333333,0,1.75122718006795,62012.70567338619
2003,Travis_County,71113,Musical groups and artists,,36,281,31918,183.9583333333333,0,1.75122718006795,55895.66913340884
2003,TX_state,71113,Musical groups and artists,,204,1944,40937,183.9583333333333,0,1.75122718006795,71689.98707044168
2003,Austin_RoundRock_MSA,7115,"Independent artists, writers, and performers",,56,173,33109,183.9583333333333,0,1.75122718006795,57981.38070486977
2004,Austin_RoundRock_MSA,7115,"Independent artists, writers, and performers",,65,247,78170,188.8833333333334,0,1.705565163681285,133324.028844966
2004,TX_state,7115,"Independent artists, writers, and performers",,460,1749,39342,188.8833333333334,0,1.705565163681285,67100.3446695491
2004,Travis_County,7115,"Independent artists, writers, and performers",,55,235,77554,188.8833333333334,0,1.705565163681285,132273.4007041384
2004,Travis_County,71113,Musical groups and artists,,34,250,33240,188.8833333333334,0,1.705565163681285,56692.98604076591
2004,TX_state,71113,Musical groups and artists,,204,1901,41397,188.8833333333334,0,1.705565163681285,70605.28108091414
2004,US_national,71113,Musical groups and artists,,5446,41284,44381,188.8833333333334,0,1.705565163681285,75694.68752933909
2004,Austin_RoundRock_MSA,71113,Musical groups and artists,N,36,,,188.8833333333334,0,1.705565163681285,
2004,US_national,7115,"Independent artists, writers, and performers",,18108,43010,113819,188.8833333333334,0,1.705565163681285,194125.7213650401
2005,US_national,7115,"Independent artists, writers, and performers",,19178,43791,106682,195.2916666666667,0,1.649598463836142,175982.4633189673
2005,Austin_RoundRock_MSA,7115,"Independent artists, writers, and performers",,65,239,38102,195.2916666666667,0,1.649598463836142,62853.00066908469
2005,Austin_RoundRock_MSA,71113,Musical groups and artists,,29,240,30513,195.2916666666667,0,1.649598463836142,50334.19792703221
2005,Travis_County,71113,Musical groups and artists,,26,234,29936,195.2916666666667,0,1.649598463836142,49382.37961339876
2005,US_national,71113,Musical groups and artists,,5393,40246,46253,195.2916666666667,0,1.649598463836142,76298.87774781309
2005,TX_state,7115,"Independent artists, writers, and performers",,479,1750,35573,195.2916666666667,0,1.649598463836142,58681.16615404309
2005,TX_state,71113,Musical groups and artists,,203,1851,41204,195.2916666666667,0,1.649598463836142,67970.05510390441
2005,Travis_County,7115,"Independent artists, writers, and performers",,53,228,34747,195.2916666666667,0,1.649598463836142,57318.59782291444
2006,TX_state,71113,Musical groups and artists,,198,1704,44634,201.5916666666667,0,1.598046380885453,71327.20216444132
2006,TX_state,7115,"Independent artists, writers, and performers",,518,1661,45929,201.5916666666667,0,1.598046380885453,73396.67222768799
2006,Austin_RoundRock_MSA,7115,"Independent artists, writers, and performers",N,67,,,201.5916666666667,0,1.598046380885453,
2006,Travis_County,7115,"Independent artists, writers, and performers",,53,158,54435,201.5916666666667,0,1.598046380885453,86989.65474349965
2006,US_national,7115,"Independent artists, writers, and performers",,20827,47377,111387,201.5916666666667,0,1.598046380885453,178001.592227688
2006,Travis_County,71113,Musical groups and artists,,26,208,31444,201.5916666666667,0,1.598046380885453,50248.97040056219
2006,US_national,71113,Musical groups and artists,,5326,39414,54370,201.5916666666667,0,1.598046380885453,86885.78172874209
2006,Austin_RoundRock_MSA,71113,Musical groups and artists,,29,215,32145,201.5916666666667,0,1.598046380885453,51369.2009135629
2007,TX_state,71113,Musical groups and artists,,206,1717,47029,207.3424166666667,0,1.553723731556776,73070.07337138364
2007,Travis_County,71113,Musical groups and artists,,26,211,32590,207.3424166666667,0,1.553723731556776,50635.85641143534
2007,Austin_RoundRock_MSA,7115,"Independent artists, writers, and performers",,84,218,57081,207.3424166666667,0,1.553723731556776,88688.10432099235
2007,Travis_County,7115,"Independent artists, writers, and performers",,67,184,57837,207.3424166666667,0,1.553723731556776,89862.71946204928
2007,US_national,71113,Musical groups and artists,,5313,39436,57614,207.3424166666667,0,1.553723731556776,89516.23906991212
2007,US_national,7115,"Independent artists, writers, and performers",,21279,49298,110620,207.3424166666667,0,1.553723731556776,171872.9191848106
2007,TX_state,7115,"Independent artists, writers, and performers",,596,1937,44186,207.3424166666667,0,1.553723731556776,68652.83680256772
2007,Austin_RoundRock_MSA,71113,Musical groups and artists,,29,218,33429,207.3424166666667,0,1.553723731556776,51939.43062221148
2008,US_national,71113,Musical groups and artists,,5341,38654,63566,215.3025,0,1.496280040098621,95112.53702890895
2008,Austin_RoundRock_MSA,71113,Musical groups and artists,,33,235,38288,215.3025,0,1.496280040098621,57289.57017529601
2008,Austin_RoundRock_MSA,7115,"Independent artists, writers, and performers",,89,287,49518,215.3025,0,1.496280040098621,74092.79502560353
2008,US_national,7115,"Independent artists, writers, and performers",,21625,49223,117049,215.3025,0,1.496280040098621,175138.0824135035
2008,TX_state,71113,Musical groups and artists,,200,1730,47170,215.3025,0,1.496280040098621,70579.52949145196
2008,TX_state,7115,"Independent artists, writers, and performers",,607,2248,42783,215.3025,0,1.496280040098621,64015.34895553931
2008,Travis_County,71113,Musical groups and artists,,28,227,35511,215.3025,0,1.496280040098621,53134.40050394214
2008,Travis_County,7115,"Independent artists, writers, and performers",,67,238,50585,215.3025,0,1.496280040098621,75689.32582838876
2009,TX_state,7115,"Independent artists, writers, and performers",,608,2172,40882,214.537,0,1.501618990352868,61389.18756360597
2009,Travis_County,7115,"Independent artists, writers, and performers",,71,220,50209,214.537,0,1.501618990352868,75394.78788662718
2009,Travis_County,71113,Musical groups and artists,,29,217,38540,214.537,0,1.501618990352868,57872.39588819955
2009,TX_state,71113,Musical groups and artists,,208,1859,55576,214.537,0,1.501618990352868,83453.97700785102
2009,Austin_RoundRock_MSA,7115,"Independent artists, writers, and performers",N,92,,,214.537,0,1.501618990352868,
2009,US_national,7115,"Independent artists, writers, and performers",,21914,45689,120157,214.537,0,1.501618990352868,180430.0330238296
2009,US_national,71113,Musical groups and artists,,5317,35701,57836,214.537,0,1.501618990352868,86847.6359260485
2009,Austin_RoundRock_MSA,71113,Musical groups and artists,,35,229,41136,214.537,0,1.501618990352868,61770.5987871556
2010,Travis_County,7115,"Independent artists, writers, and performers",,71,220,54877,218.0555,0,1.4773891662138,81074.68527431472
2010,TX_state,71113,Musical groups and artists,,200,1964,55284,218.0555,0,1.4773891662138,81675.98266496374
2010,US_national,71113,Musical groups and artists,,5206,34627,59260,218.0555,0,1.4773891662138,87550.08198982981
2010,Austin_RoundRock_MSA,71113,Musical groups and artists,N,36,,,218.0555,0,1.4773891662138,
2010,TX_state,7115,"Independent artists, writers, and performers",,610,2253,39298,218.0555,0,1.4773891662138,58058.43945386993
2010,Austin_RoundRock_MSA,7115,"Independent artists, writers, and performers",N,93,,,218.0555,0,1.4773891662138,
2010,Travis_County,71113,Musical groups and artists,,30,246,36078,218.0555,0,1.4773891662138,53301.24633866149
2010,US_national,7115,"Independent artists, writers, and performers",,21429,45158,125189,218.0555,0,1.4773891662138,184952.8723291394
2011,TX_state,71113,Musical groups and artists,,195,2100,48703,224.9391666666667,0,1.432177588755479,69751.34510515808
2011,Austin_RoundRock_MSA,7115,"Independent artists, writers, and performers",N,98,,,224.9391666666667,0,1.432177588755479,
2011,Austin_RoundRock_MSA,71113,Musical groups and artists,,37,226,33536,224.9391666666667,0,1.432177588755479,48029.50761650373
2011,US_national,7115,"Independent artists, writers, and performers",,21436,47072,131376,224.9391666666667,0,1.432177588755479,188153.7629003398
2011,TX_state,7115,"Independent artists, writers, and performers",,644,2298,54893,224.9391666666667,0,1.432177588755479,78616.52437955448
2011,Travis_County,71113,Musical groups and artists,,32,222,32975,224.9391666666667,0,1.432177588755479,47226.05598921191
2011,US_national,71113,Musical groups and artists,,5086,34602,60916,224.9391666666667,0,1.432177588755479,87242.52999662874
2011,Travis_County,7115,"Independent artists, writers, and performers",,79,269,179192,224.9391666666667,0,1.432177588755479,256634.7664842717
2012,Austin_RoundRock_MSA,7115,"Independent artists, writers, and performers",,102,357,131184,229.5939166666667,0,1.403141851537152,184069.7606520498
2012,Austin_RoundRock_MSA,71113,Musical groups and artists,N,41,,,229.5939166666667,0,1.403141851537152,
2012,TX_state,71113,Musical groups and artists,,197,1784,54762,229.5939166666667,0,1.403141851537152,76838.85407387753
2012,Travis_County,71113,Musical groups and artists,,34,234,35447,229.5939166666667,0,1.403141851537152,49737.16921143744
2012,US_national,71113,Musical groups and artists,,5000,33684,65528,229.5939166666667,0,1.403141851537152,91945.07924752652
2012,TX_state,7115,"Independent artists, writers, and performers",,664,2523,55670,229.5939166666667,0,1.403141851537152,78112.90687507327
2012,US_national,7115,"Independent artists, writers, and performers",,21949,48971,130728,229.5939166666667,0,1.403141851537152,183429.9279677488
2012,Travis_County,7115,"Independent artists, writers, and performers",,81,321,141905,229.5939166666667,0,1.403141851537152,199112.8444423796
2013,US_national,71113,Musical groups and artists,,4970,33940,69977,232.9570833333333,0,1.382884901904321,96770.13678055868
2013,Austin_RoundRock_MSA,7115,"Independent artists, writers, and performers",N,117,,,232.9570833333333,0,1.382884901904321,
2013,Travis_County,7115,"Independent artists, writers, and performers",,93,432,83299,232.9570833333333,0,1.382884901904321,115192.929443728
2013,Austin_RoundRock_MSA,71113,Musical groups and artists,N,43,,,232.9570833333333,0,1.382884901904321,
2013,Travis_County,71113,Musical groups and artists,,36,245,34098,232.9570833333333,0,1.382884901904321,47153.60938513354
2013,US_national,7115,"Independent artists, writers, and performers",,22534,50782,121300,232.9570833333333,0,1.382884901904321,167743.9386009942
2013,TX_state,7115,"Independent artists, writers, and performers",,676,2627,50561,232.9570833333333,0,1.382884901904321,69920.04352518437
2013,TX_state,71113,Musical groups and artists,,208,1857,61343,232.9570833333333,0,1.382884901904321,84830.30853751676
2014,Travis_County,71113,Musical groups and artists,,39,263,36813,236.7361666666667,0,1.36080953691768,50095.48148255055
2014,Travis_County,7115,"Independent artists, writers, and performers",,105,463,167070,236.7361666666667,0,1.36080953691768,227350.4493328368
2014,TX_state,71113,Musical groups and artists,,219,1850,64590,236.7361666666667,0,1.36080953691768,87894.68798951295
2014,TX_state,7115,"Independent artists, writers, and performers",,701,2855,64478,236.7361666666667,0,1.36080953691768,87742.27732137818
2014,US_national,7115,"Independent artists, writers, and performers",,23815,52221,128533,236.7361666666667,0,1.36080953691768,174908.9322086402
2014,Austin_RoundRock_MSA,71113,Musical groups and artists,,45,272,37092,236.7361666666667,0,1.36080953691768,50475.14734335059
2014,US_national,71113,Musical groups and artists,,4956,34254,67661,236.7361666666667,0,1.36080953691768,92073.73407738715
2014,Austin_RoundRock_MSA,7115,"Independent artists, writers, and performers",,129,514,153699,236.7361666666667,0,1.36080953691768,209155.0650147105
2015,Austin_RoundRock_MSA,7115,"Independent artists, writers, and performers",,141,710,102219,237.017,0,1.359197160259953,138935.7745246122
2015,TX_state,7115,"Independent artists, writers, and performers",,736,3076,57510,237.017,0,1.359197160259953,78167.42868654992
2015,US_national,71113,Musical groups and artists,,4916,35090,76012,237.017,0,1.359197160259953,103315.2945456796
2015,Travis_County,71113,Musical groups and artists,,43,281,38034,237.017,0,1.359197160259953,51695.70479332707
2015,US_national,7115,"Independent artists, writers, and performers",,24474,52114,133412,237.017,0,1.359197160259953,181333.2115446009
2015,TX_state,71113,Musical groups and artists,,219,1946,58857,237.017,0,1.359197160259953,79998.26726142007
2015,Austin_RoundRock_MSA,71113,Musical groups and artists,,51,291,38397,237.017,0,1.359197160259953,52189.09336250143
2015,Travis_County,7115,"Independent artists, writers, and performers",,115,646,108510,237.017,0,1.359197160259953,147486.4838598075
2016,TX_state,71113,NAICS 71113 Musical groups and artists,,235,1981,60835,240.0071666666666,0,1.342263390745971,81656.59337603116
2016,Travis_County,71113,NAICS 71113 Musical groups and artists,,48,270,40575,240.0071666666666,0,1.342263390745971,54462.33707951778
2016,TX_state,7115,"NAICS 7115 Independent artists, writers, and performers",,785,3158,59305,240.0071666666666,0,1.342263390745971,79602.93038818982
2016,Travis_County,7115,"NAICS 7115 Independent artists, writers, and performers",,126,755,98609,240.0071666666666,0,1.342263390745971,132359.2506980695
2016,US_national,71113,NAICS 71113 Musical groups and artists,,4889,35368,77309,240.0071666666666,0,1.342263390745971,103769.0404751803
2016,US_national,7115,"NAICS 7115 Independent artists, writers, and performers",,24821,51240,140081,240.0071666666666,0,1.342263390745971,188025.5980390864
2016,Austin_RoundRock_MSA,7115,"NAICS 7115 Independent artists, writers, and performers",,151,835,92645,240.0071666666666,0,1.342263390745971,124353.9918356605
2016,Austin_RoundRock_MSA,71113,NAICS 71113 Musical groups and artists,,55,277,40923,240.0071666666666,0,1.342263390745971,54929.44473949738
2017,Travis_County,71113,NAICS 71113 Musical groups and artists,,48,281,50829,245.1195833333333,0,1.31426803583965,66802.92999369357
2017,US_national,7115,"NAICS 7115 Independent artists, writers, and performers",,25587,50611,151067,245.1195833333333,0,1.31426803583965,198542.5293701884
2017,TX_state,7115,"NAICS 7115 Independent artists, writers, and performers",,834,3324,59161,245.1195833333333,0,1.31426803583965,77753.41126830953
2017,Travis_County,7115,"NAICS 7115 Independent artists, writers, and performers",,131,869,93844,245.1195833333333,0,1.31426803583965,123336.1695553361
2017,US_national,71113,NAICS 71113 Musical groups and artists,,4878,35508,80489,245.1195833333333,0,1.31426803583965,105784.1199366976
2017,Austin_RoundRock_MSA,71113,NAICS 71113 Musical groups and artists,,55,288,50683,245.1195833333333,0,1.31426803583965,66611.04686046098
2017,Austin_RoundRock_MSA,7115,"NAICS 7115 Independent artists, writers, and performers",,156,944,89312,245.1195833333333,0,1.31426803583965,117379.9068169108
2017,TX_state,71113,NAICS 71113 Musical groups and artists,,244,1997,63695,245.1195833333333,0,1.31426803583965,83712.3025428065
2018,TX_state,71113,NAICS 71113 Musical groups and artists,,249,2028,59849,251.1068333333334,0,1.282931368521101,76782.15947461936
2018,US_national,71113,NAICS 71113 Musical groups and artists,,5008,35984,84740,251.1068333333334,0,1.282931368521101,108715.6041684781
2018,TX_state,7115,"NAICS 7115 Independent artists, writers, and performers",,861,3735,55696,251.1068333333334,0,1.282931368521101,71454.14550115123
2018,Travis_County,7115,"NAICS 7115 Independent artists, writers, and performers",,134,890,97605,251.1068333333334,0,1.282931368521101,125220.516224502
2018,Austin_RoundRock_MSA,7115,"NAICS 7115 Independent artists, writers, and performers",,161,956,94298,251.1068333333334,0,1.282931368521101,120977.8621888028
2018,US_national,7115,"NAICS 7115 Independent artists, writers, and performers",,27776,51432,151677,251.1068333333334,0,1.282931368521101,194591.181183175
2018,Travis_County,71113,NAICS 71113 Musical groups and artists,,49,289,40707,251.1068333333334,0,1.282931368521101,52224.28721838845
2018,Austin_RoundRock_MSA,71113,NAICS 71113 Musical groups and artists,,55,296,41175,251.1068333333334,0,1.282931368521101,52824.69909885633
2019,Austin_RoundRock_MSA,7115,"NAICS 7115 Independent artists, writers, and performers",,176,970,90984,255.6574166666667,0,1.260095785734099,114648.5549692313
2019,Travis_County,7115,"NAICS 7115 Independent artists, writers, and performers",,146,899,93909,255.6574166666667,0,1.260095785734099,118334.3351425035
2019,Travis_County,71113,NAICS 71113 Musical groups and artists,,49,292,44830,255.6574166666667,0,1.260095785734099,56490.09407445967
2019,US_national,7115,"NAICS 7115 Independent artists, writers, and performers",,29861,53116,162014,255.6574166666667,0,1.260095785734099,204153.1586299244
2019,TX_state,71113,NAICS 71113 Musical groups and artists,,261,2063,60847,255.6574166666667,0,1.260095785734099,76673.04827456274
2019,TX_state,7115,"NAICS 7115 Independent artists, writers, and performers",,904,4214,55309,255.6574166666667,0,1.260095785734099,69694.6378131673
2019,US_national,71113,NAICS 71113 Musical groups and artists,,5115,36030,84058,255.6574166666667,0,1.260095785734099,105921.1315572369
2019,Austin_RoundRock_MSA,71113,NAICS 71113 Musical groups and artists,,58,304,44399,255.6574166666667,0,1.260095785734099,55946.99279080828
2020,US_national,7115,"NAICS 7115 Independent artists, writers, and performers",,32075,43483,180572,258.8111666666667,0,1.244740856750771,224765.3459852003
2020,Austin_RoundRock_MSA,7115,"NAICS 7115 Independent artists, writers, and performers",,191,713,101182,258.8111666666667,0,1.244740856750771,125945.3693677565
2020,Austin_RoundRock_MSA,71113,NAICS 71113 Musical groups and artists,,61,205,40524,258.8111666666667,0,1.244740856750771,50441.87847896826
2020,Travis_County,71113,NAICS 71113 Musical groups and artists,,51,195,40883,258.8111666666667,0,1.244740856750771,50888.74044654179
2020,TX_state,71113,NAICS 71113 Musical groups and artists,,268,1637,58811,258.8111666666667,0,1.244740856750771,73204.45452636962
2020,TX_state,7115,"NAICS 7115 Independent artists, writers, and performers",,973,3067,64548,258.8111666666667,0,1.244740856750771,80345.5328215488
2020,Travis_County,7115,"NAICS 7115 Independent artists, writers, and performers",,159,659,104205,258.8111666666667,0,1.244740856750771,129708.2209777141
2020,US_national,71113,NAICS 71113 Musical groups and artists,,5283,24939,74527,258.8111666666667,0,1.244740856750771,92766.80183106475
2021,Travis_County,71113,NAICS 71113 Musical groups and artists,,51,237,45630,270.96975,0,1.188888550597745,54248.98456377511
2021,TX_state,71113,NAICS 71113 Musical groups and artists,,259,1742,64446,270.96975,0,1.188888550597745,76619.11153182229
2021,Austin_RoundRock_MSA,7115,"NAICS 7115 Independent artists, writers, and performers",,226,778,109971,270.96975,0,1.188888550597745,130743.2627977846
2021,Travis_County,7115,"NAICS 7115 Independent artists, writers, and performers",,187,718,110915,270.96975,0,1.188888550597745,131865.5735895489
2021,US_national,7115,"NAICS 7115 Independent artists, writers, and performers",,33929,49822,180979,270.96975,0,1.188888550597745,215163.8609986293
2021,TX_state,7115,"NAICS 7115 Independent artists, writers, and performers",,1078,3523,67986,270.96975,0,1.188888550597745,80827.77700093829
2021,US_national,71113,NAICS 71113 Musical groups and artists,,5336,27349,87207,270.96975,0,1.188888550597745,103679.4038319776
2021,Austin_RoundRock_MSA,71113,NAICS 71113 Musical groups and artists,,63,248,46845,270.96975,0,1.188888550597745,55693.48415275137
2022,Travis_County,7115,"NAICS 7115 Independent artists, writers, and performers",,215,659,114024,292.6549166666667,0,1.100794194755541,125516.9572628058
2022,Austin_RoundRock_MSA,71113,NAICS 71113 Musical groups and artists,,67,320,51597,292.6549166666667,0,1.100794194755541,56797.67806680167
2022,US_national,7115,"NAICS 7115 Independent artists, writers, and performers",,36718,58372,169229,292.6549166666667,0,1.100794194755541,186286.3007842855
2022,Travis_County,71113,NAICS 71113 Musical groups and artists,,55,307,52048,292.6549166666667,0,1.100794194755541,57294.13624863642
2022,TX_state,7115,"NAICS 7115 Independent artists, writers, and performers",,1198,4086,74481,292.6549166666667,0,1.100794194755541,81988.25241958747
2022,Austin_RoundRock_MSA,7115,"NAICS 7115 Independent artists, writers, and performers",N,264,,,292.6549166666667,0,1.100794194755541,
2022,US_national,71113,NAICS 71113 Musical groups and artists,,5601,35318,88793,292.6549166666667,0,1.100794194755541,97742.81893492879
2022,TX_state,71113,NAICS 71113 Musical groups and artists,,277,2002,74040,292.6549166666667,0,1.100794194755541,81502.80217970027
2023,US_national,7115,"NAICS 7115 Independent artists, writers, and performers",,39010,59575,151858,304.7015833333333,0,1.057273250139002,160555.4012196086
2023,Travis_County,71113,NAICS 71113 Musical groups and artists,,53,311,57363,304.7015833333333,0,1.057273250139002,60648.36544772359
2023,Travis_County,7115,"NAICS 7115 Independent artists, writers, and performers",,226,572,128375,304.7015833333333,0,1.057273250139002,135727.4534865944
2023,Austin_RoundRock_MSA,71113,NAICS 71113 Musical groups and artists,,66,331,57119,304.7015833333333,0,1.057273250139002,60390.39077468967
2023,Austin_RoundRock_MSA,7115,"NAICS 7115 Independent artists, writers, and performers",N,284,,,304.7015833333333,0,1.057273250139002,
2023,TX_state,71113,NAICS 71113 Musical groups and artists,,301,2090,102985,304.7015833333333,0,1.057273250139002,108883.2856655652
2023,US_national,71113,NAICS 71113 Musical groups and artists,,5907,36563,100879,304.7015833333333,0,1.057273250139002,106656.6682007724
2023,TX_state,7115,"NAICS 7115 Independent artists, writers, and performers",,1329,4201,75926,304.7015833333333,0,1.057273250139002,80274.52879005388
2024,Travis_County,7115,"NAICS 7115 Independent artists, writers, and performers",,232,625,152416,313.6888333333333,0,1.026982152695904,156528.5117852989
2024,TX_state,71113,NAICS 71113 Musical groups and artists,,320,2240,100467,313.6888333333333,0,1.026982152695904,103177.8159348994
2024,TX_state,7115,"NAICS 7115 Independent artists, writers, and performers",,1399,3674,87741,313.6888333333333,0,1.026982152695904,90108.44105969134
2024,Travis_County,71113,NAICS 71113 Musical groups and artists,,50,318,59045,313.6888333333333,0,1.026982152695904,60638.16120592966
2024,Austin_RoundRock_MSA,71113,NAICS 71113 Musical groups and artists,N,64,,,313.6888333333333,0,1.026982152695904,
2024,US_national,71113,NAICS 71113 Musical groups and artists,,6060,37936,96027,313.6888333333333,0,1.026982152695904,98618.01517692959
2024,US_national,7115,"NAICS 7115 Independent artists, writers, and performers",,40861,61092,162062,313.6888333333333,0,1.026982152695904,166434.7816302036
2024,Austin_RoundRock_MSA,7115,"NAICS 7115 Independent artists, writers, and performers",N,290,,,313.6888333333333,0,1.026982152695904,
2025,US_national,7115,"NAICS 7115 Independent artists, writers, and performers",,42223,59406,159205,322.1528333333334,1,1,159205
2025,US_national,71113,NAICS 71113 Musical groups and artists,,6041,34795,81260,322.1528333333334,1,1,81260
2025,TX_state,7115,"NAICS 7115 Independent artists, writers, and performers",,1458,3469,98927,322.1528333333334,1,1,98927
2025,Travis_County,7115,"NAICS 7115 Independent artists, writers, and performers",,233,383,238889,322.1528333333334,1,1,238889
2025,Travis_County,71113,NAICS 71113 Musical groups and artists,,56,314,56461,322.1528333333334,1,1,56461
2025,TX_state,71113,NAICS 71113 Musical groups and artists,,334,2029,71744,322.1528333333334,1,1,71744
