date_d,idx_austin,idx_dallas,idx_houston,idx_nashville,idx_sanantonio
31jan2015,99.99999999999999,99.99999999999997,99.99999999999999,100,99.99999999999997
28feb2015,100.6801953431465,100.3324148732689,100.1949156061038,100.1854090687696,100.2872582343635
31mar2015,100.8677079015664,100.6949296808148,100.5573394623607,100.9471218931674,100.5950533027383
30apr2015,100.9269741985304,101.2714443602034,100.7811296062523,101.3106142260079,100.9112269313137
31may2015,101.0990860701533,101.6742889967955,100.90862471365,101.9134660144067,101.3471929073381
30jun2015,101.5460042575094,102.1352013287522,101.091732999255,102.3425061449726,101.6929957460084
31jul2015,102.0829901154236,102.5814379580132,101.2859699089988,102.9095298360483,101.88831215426
31aug2015,102.7927838088573,103.003370081187,101.6131814011646,103.2528174713821,101.9063096760317
30sep2015,103.3006684335533,103.4708263702189,101.7229305949133,103.6239559793891,102.1716151465177
31oct2015,103.8595672118682,103.8513966017922,101.8360333471468,104.2380848082567,102.8413031656798
30nov2015,104.2168949610523,104.3330976223433,101.9468105662643,104.6315851749207,103.3011059114369
31dec2015,104.6669748129671,104.8230211192888,102.0221558430567,105.2885688933732,103.6923004191269
31jan2016,103.5700660601352,103.8767903525212,100.9242063024889,104.4824519089242,102.4739999393052
29feb2016,103.4624065018146,104.3221266935433,100.9048875995062,105.1025760025526,102.6985929329043
31mar2016,103.2802738244916,104.6499633224367,101.0591612418962,105.3406723540687,102.980527343238
30apr2016,103.5265604055143,105.1371766459819,100.9622917455118,105.4992310042457,103.2967833996221
31may2016,103.8840117397797,105.450363611024,100.8275733616512,105.912580275525,103.559846682683
30jun2016,104.2843698018026,105.8432053232455,100.7249575367776,106.5879652488959,103.7713119355705
31jul2016,104.5297039909277,106.1620931131349,100.7784979421866,106.8887679345624,104.0191211537201
31aug2016,104.724306129178,106.6126822770518,100.8774570125671,107.4087158647036,104.4627139837841
30sep2016,104.9350498373216,107.0270840832441,100.6758919737941,107.7235763276024,104.904457836283
31oct2016,104.9758554118205,107.5506415651973,100.5553176403316,108.1320217231031,105.177713608171
30nov2016,105.0666271962869,107.8636157293118,100.2783899469641,108.2910127580261,105.5856673956695
31dec2016,105.2770861687084,108.2296109245214,100.3237494730488,108.6807074199042,105.9880049138143
31jan2017,103.4523998592635,106.4995187683154,98.34765609209079,106.8287583960163,104.3091160408123
28feb2017,103.9528309294226,106.912197298653,98.80014847996281,107.453513218647,104.5692385529218
31mar2017,104.6213573863289,107.5851755179728,99.21102616032078,108.1540919617871,104.8446138009625
30apr2017,104.9475883759701,107.9314960512581,99.30668594252842,108.8259230820621,105.1155309051183
31may2017,105.0896018190944,108.6389308606851,99.60312317722273,109.0581861140677,105.3933049513915
30jun2017,105.1158856502277,108.937328001619,99.55563106783573,108.9000019062122,105.7618486175761
31jul2017,105.0716146032749,109.3269111854367,99.68022426681684,109.1142150658154,106.0119120182294
31aug2017,105.0076354898175,109.6360993144882,99.60637553261054,109.5210187117893,105.9597607868443
30sep2017,104.9858989345167,110.006019651055,100.4316438231815,110.110293350453,106.0487199929953
31oct2017,105.0913226697794,110.1757912842339,101.2188006851874,110.0622051034406,106.0669825418032
30nov2017,105.4998372404997,110.6619450385427,102.1490322315383,110.188533558229,106.286630991282
31dec2017,105.7096368187086,110.9874183478326,102.668077268533,110.3066321798912,106.474065390912
31jan2018,103.2974337229386,108.8062493195217,100.5188037390523,108.3584216638899,104.1925584541216
28feb2018,103.6601340089365,109.1736975330442,100.89016207371,108.7386319573455,104.6356404815156
31mar2018,103.7266417304006,109.3252371371411,100.8124405114957,108.6780825609301,104.8965414055857
30apr2018,104.1087678642086,109.6045084843916,101.0920685611497,108.6980103379757,105.027273522655
31may2018,104.3295562320493,109.6692093438972,100.9741767272649,108.7580658238826,105.0586421617626
30jun2018,104.9256200723929,110.0923876491779,101.2109966825308,109.3874690885685,105.1760978336885
31jul2018,105.3719359641824,110.4339512369087,101.284252787716,109.5595414618342,105.5531289942293
31aug2018,105.7880526394245,110.7029565146249,101.5025043552093,109.8941809510291,105.9675484799035
30sep2018,106.1594429423655,110.9016729366968,101.530248597721,109.9576434114637,106.3074674476973
31oct2018,106.6834903787984,111.4113153124981,101.6626013525754,110.9562095019057,106.6165148146793
30nov2018,107.3637891997913,111.8620910393216,101.8690298218166,111.2542693740552,106.9105074439488
31dec2018,107.7485429845109,112.4439919858812,101.8769715523556,111.6953919369527,107.060811824574
31jan2019,106.0988592352902,110.6625030014374,100.1431669895076,109.3269522149148,105.3623782877086
28feb2019,106.3809586307209,110.8505851232719,99.94288343146154,109.6528730676232,105.4121520972889
31mar2019,106.8196897865355,111.2223963929671,100.2276941460219,110.1193497631596,105.6455943018548
30apr2019,107.1079372066926,111.6032816156556,100.4431435507596,110.5682532656961,105.9756658268067
31may2019,107.5947925560554,112.0028299513952,100.868943896826,111.1523862010135,106.3876124478577
30jun2019,107.8376533588918,112.2953308764462,101.1789600820317,111.447120823891,106.7060867185722
31jul2019,108.2655079492234,112.6089868344316,101.4985069701613,111.99801814856,106.8784399253729
31aug2019,108.7370070629127,112.9757616922106,101.7898411270143,112.3044154313553,107.1305310354899
30sep2019,109.2316603566812,113.3586131132881,101.8629314400198,112.7821488708021,107.3660344919782
31oct2019,109.5831946400641,113.5649903431275,101.8725639271497,112.8295420397545,107.6834130445655
30nov2019,109.6689351588126,113.6922254592007,101.8054881354067,113.4043389069034,107.9041405793781
31dec2019,110.0588323790941,113.7719668954704,102.0363347145768,113.8403521011099,108.2586759100413
31jan2020,109.2159665899549,112.6176881176448,101.0641810163887,113.2565442166743,107.1981726119759
29feb2020,109.5688897264727,112.9265145413565,101.4625177149173,113.6379250870724,107.5423007729632
31mar2020,109.9906019627658,113.4226579944501,101.9025070140699,113.7638100157532,107.720055313518
30apr2020,109.4299184452191,113.3159490862233,101.6026119457192,113.7402506004959,107.6658834197154
31may2020,108.6091839046832,113.0261607614779,101.0141924114265,113.4054800136662,107.2948354175347
30jun2020,107.6650022940277,112.6530431033956,100.4307543709544,113.1722232210958,107.1104152156653
31jul2020,107.2358238682156,112.6410469199226,100.4608352813458,112.9676015334958,107.3295140027663
31aug2020,107.0128852702012,112.8108630236317,100.691994875329,113.245365963607,107.4882681936253
30sep2020,106.8561135005213,113.2270838517686,100.9588658387741,113.3128951302121,107.8088950760549
31oct2020,107.0853073085352,113.8168910127061,101.3650906642148,113.8904382053553,108.1204450852796
30nov2020,107.7589123900016,114.4337233419525,101.8205911468782,114.1230495344939,108.7688146043396
31dec2020,108.516275370718,115.2398980302582,102.1555303387295,114.7026952556647,109.4601251280419
31jan2021,104.7610498533858,110.9737394841879,98.05158655550468,110.0351399226082,105.1584710652808
28feb2021,105.8072630760764,111.9254997191494,98.27735882975726,110.8855284364818,105.5875286776255
31mar2021,107.0782127295893,112.7195376458625,98.78719507135949,111.6934157394664,106.1373463861208
30apr2021,108.7240622668694,113.9273201043143,99.56086735565873,112.9721043679956,107.125034594127
31may2021,111.0537829716507,115.4446843020896,100.833838503461,114.5718779686345,108.5090980117817
30jun2021,113.8261932234706,117.3682040281562,102.3434859729441,116.5653248732114,110.1208839772547
31jul2021,116.635581236449,119.3815517623484,103.6878703376903,118.8327878264539,111.6714198651411
31aug2021,119.6345802857719,121.5821445162391,105.0657176438235,121.2988108324147,113.4451029691812
30sep2021,122.2595491070463,123.6329908557007,106.250950059317,123.7972748725332,115.1615483670275
31oct2021,124.137692383344,125.3819238214136,107.1752012147468,125.7935147138256,116.6363712161594
30nov2021,125.2147001150332,126.9150810825723,107.9325479836811,127.179362439348,117.7301825532459
31dec2021,126.3424348647932,128.3246814313948,108.6136973739496,128.6561627561728,118.6194448344353
31jan2022,117.5664254464955,119.902356141226,101.1067697089863,120.0587778896415,110.4997920919436
28feb2022,118.5043972941757,120.8647255851428,101.7897463805286,121.2269946656152,111.3452436237133
31mar2022,119.0298006701844,121.656608656023,102.2718927319877,121.9771034288779,112.0224369472861
30apr2022,120.1329625601454,122.7685130470352,103.0096097105376,122.9835188126791,112.7500679290781
31may2022,120.8735276773086,123.8509605231006,103.4405239199687,123.8992344316891,113.2834257887665
30jun2022,121.7509150805277,125.1401942561658,103.9767396620914,124.9338621386283,113.793289669739
31jul2022,122.3183829352532,125.9101981965803,104.289176511834,125.6229883481062,114.3722518156638
31aug2022,122.276986785735,126.1857907366693,104.5170455689137,125.7425144994759,114.5167885923458
30sep2022,122.1344152581395,126.0950685823413,104.6350621788238,125.5978463421705,114.4044079551486
31oct2022,121.7539507444779,125.8247483432125,104.7308496327576,125.4749558150495,114.1589674304283
30nov2022,121.4735262544721,125.8217815257732,104.7979897671352,125.9649957381035,114.1545131464443
31dec2022,121.228491003356,125.9276316934837,105.0580547253979,126.1833947521691,114.3059588019015
31jan2023,116.5109733747014,121.1645474867261,101.1972866581043,121.6736201231759,110.1583649538151
28feb2023,116.5719931297643,121.3675780985684,101.6301310994891,121.7673960747218,110.2680501976139
31mar2023,116.8753208627582,121.8381461369656,102.1345883462859,122.2112556210905,110.6472061432736
30apr2023,116.4354681948942,121.7784032281537,102.2732022911934,122.1723962091557,110.5096672193067
31may2023,115.992367327141,121.7591535194964,102.4758205691253,122.1741406462028,110.522929576171
30jun2023,115.0776587707014,121.2557409965294,102.5002064995025,121.8135073606667,110.0533128875343
31jul2023,114.4668193139039,121.2803368662529,102.6342243059881,121.6108037757943,109.5751762496698
31aug2023,113.8909598763903,121.1703788604302,102.6170353693898,121.303209683333,109.2161550558179
30sep2023,113.3130123103764,121.224519768785,102.5388621974802,121.3550194636317,109.1372453978517
31oct2023,113.1419945862059,121.2544617995747,102.6181145302693,121.339228154934,109.3135519113073
30nov2023,113.1985519333256,121.3611821137946,102.8026122219228,121.3803054939715,109.4749940261635
31dec2023,113.2193868154726,121.3084439110661,103.03017542004,121.2870694872258,109.4666379221131
31jan2024,109.6229961725662,117.8050559705965,100.2955595888384,118.0874628781168,106.1552504364234
29feb2024,109.0304612016736,117.6181596583397,100.4381356782484,118.2501793134245,105.9347202295603
31mar2024,108.4436430408734,117.4176210292964,100.422872057971,118.5664056258388,105.7444021835844
30apr2024,108.1106106821127,117.2956114147199,100.5940372701438,118.6928364413122,105.8123508099874
31may2024,107.8028645030775,117.2655246218573,100.7629853358929,118.8794931554833,105.7920767435799
30jun2024,107.4626880097597,117.3103077547254,101.0561011426837,118.926300556119,105.8662234164511
31jul2024,107.1160359707131,117.3403774089991,101.153414263267,118.9260665594601,105.7587699803189
31aug2024,106.7084296647942,117.3955550960519,101.3389079727358,119.0029869094447,105.8302022448225
30sep2024,106.4129209149844,117.3545253141589,101.4973736115157,118.8951547939308,105.7093624429943
31oct2024,105.9770535846664,117.4233538872927,101.7089527273777,118.886537261802,105.4058084753082
30nov2024,105.6702839960543,117.3410458139673,101.8315217097738,119.0029142897919,105.0906806947449
31dec2024,105.3624101090406,117.3465215931297,101.8832551263269,119.2452783464882,105.042157329527
31jan2025,102.3878235609919,114.2687046124263,99.28330522086164,116.0992442435183,102.3701493577773
28feb2025,102.1139477654276,114.4188409267561,99.44728576392427,116.2672316695694,102.4752359428415
31mar2025,101.8990736569716,114.5905802488,99.68419142333438,116.3683179715933,102.3098145398082
30apr2025,101.5958140556653,114.6753401376992,99.70486981701421,116.460148897915,102.1878534908143
31may2025,101.4060957619831,114.6079861484105,99.53711487965063,116.224867505065,102.025669229841
30jun2025,100.9576141802453,114.4565731789319,99.11975058221427,116.0910574001553,101.8716294805399
31jul2025,100.771077852084,114.3622508926437,99.14857990522104,116.2579841507226,101.9259377042484
31aug2025,100.6927502962254,114.3690013110449,99.17570561056667,116.4803803006595,101.8338513439463
30sep2025,100.5539068765623,114.423605437148,99.25613545643856,116.6953831496323,101.7735681824995
31oct2025,100.397939361992,114.4306395566934,99.21970594257292,116.8536987866432,101.7330005937053
30nov2025,100.0601024020246,114.4591264892295,99.19260226676599,116.7758687767062,101.6504620805961
31dec2025,99.73595155122904,114.4646836939949,99.14860927793933,116.694581750378,101.4010730006718
31jan2026,97.08107015084175,111.6850193881272,96.68928535226524,113.7814507831417,98.63936525115633
28feb2026,96.97335359106715,111.6125803442524,96.5403222307534,113.6449568490865,98.33833877175894
31mar2026,96.80632438689915,111.4801459730897,96.39445519143993,113.4316812430261,98.1592857850324
30apr2026,96.71810503846761,111.4578971290351,96.37730490278091,113.3845985039756,97.90476821180287
31may2026,96.56304116795434,111.4974922534105,96.48989622531884,113.5377784380591,97.6761393359362
30jun2026,96.69174703616858,111.6423296221922,96.75266903504853,113.7287702591552,97.45740042981832
